id,text,tier,site,activity,scenario,occurred_at,source_layer,is_synthetic,in_holdout
L3-0001,"Contractor crane operator at Digboi lifted a defective hydraulic valve with wire rope under tension, PTW expired, no spotter. Worker trapped hand in sheave, laceration required 12 stitches, sent to hospital.",recordable,Digboi,Lifting/Suspended Load,dropped_object,2025-09-17,l3_synthetic,1,0
L3-0002,"During scaffold erection at Lumding Terminal, a 3m steel tube slipped from 4th level while being passed. Worker standing below ducked, tube struck shoulder, soft tissue injury treated with ice and painkillers on site.",recordable,Lumding Terminal,Lifting/Suspended Load,dropped_object,2026-03-10,l3_synthetic,1,1
L3-0003,"Employee at Naharkatiya was working on valve stand height 6m. Sling bag broke due to UV damage, ABL broke. Worker fell 3m onto hard ground, fractured left radius, admitted for surgery.",recordable,Naharkatiya,Lifting/Suspended Load,dropped_object,2026-07-13,l3_synthetic,1,0
L3-0004,"Crane lift of heavy piping at Duliajan, wind gust 40km/h. Load swung wide, missed working area by 2ft. No PTW revamp for high wind, supervisor missed report. Worker nearly hit, checked for shock, released.",recordable,Duliajan,Lifting/Suspended Load,dropped_object,2026-08-07,l3_synthetic,1,0
L3-0005,"Hot work permit violated at Rangia. Welder at height dropped torch handle from 5m. Struck bare foot of inspector below, deep cut, blood flow controlled, tetanus booster given, clinic visit.",recordable,Rangia,Permit to Work,ptw_violation,2026-02-01,l3_synthetic,1,0
L3-0006,"At Guwahati Depot, forklift tried to lift steel beam without sling, forklift tipped 15deg. Operator jumped out in time, arm grazed on metal edge. First aid applied, X-ray clear, no fracture.",recordable,Guwahati Depot,Permit to Work,ptw_violation,2025-11-30,l3_synthetic,1,0
L3-0007,"Scaffolder at Moran site used broken plank from 2nd level. Plank snapped, worker fell 3m but caught himself on lower frame. Sprained wrist, monitored for 2 hours, discharged same day.",recordable,Moran,Permit to Work,ptw_violation,2026-07-03,l3_synthetic,1,1
L3-0008,"Crane at Jorhat Bypass Road lifted pump assembly. Hook block descended unexpectedly due to hydraulic leak, 500kg load dropped 2m onto concrete. Worker nearby stepped back, dust inhalation, mild bronchitis, treated with syrup.",recordable,Jorhat Bypass Road,Permit to Work,ptw_violation,2026-01-27,l3_synthetic,1,1
L3-0009,"Employee at Digboi used extension ladder without lockout tagout to reach valve. Ladder slipped on wet surface, worker fell 2m, dislocated shoulder. Reduced in ER, stable, 1 week off work.",recordable,Digboi,Permit to Work,ptw_violation,2026-06-11,l3_synthetic,1,1
L3-0010,"During hoisting at Naharkatiya, tag line failed, load rotated. Flange corner grazed shoulder of crew member, abrasion and bruising. Wound cleaned and bandaged at site clinic, no further treatment needed.",recordable,Naharkatiya,Permit to Work,ptw_violation,2025-08-29,l3_synthetic,1,1
L3-0011,"Contractor welding on 6"" line at Duliajan without proper blanking. Sparks ignited nearby oil leak, worker on ground got flash burn to forearms, treated at camp clinic.",recordable,Duliajan,Hot Work,hot_work,2025-12-12,l3_synthetic,1,0
L3-0012,"Grinding flange on Digboi tank farm, ventilation poor. Operator inhaled fumes, coughing and dizziness, sent to Guwahati hospital for observation. PTW had gas test old.",recordable,Digboi,Hot Work,hot_work,2025-06-15,l3_synthetic,1,1
L3-0013,"During hot work on Naharkatiya separator, pressure gauge needle jerked. Oil spray hit face of supervisor. No eye injury but skin irritation, first aid insufficient, referred to local doctor.",recordable,Naharkatiya,Hot Work,hot_work,2025-09-14,l3_synthetic,1,0
L3-0014,"Cutting pipe at Moran wellhead, cutter slipped and hit wrist. Deep laceration, stitched at site hospital. H2S alarm not sounding, area cleared but work stopped.",recordable,Moran,Hot Work,hot_work,2026-04-09,l3_synthetic,1,0
L3-0015,"Welding near storage tanks at Lumding Terminal. Heat stress suspected, worker fainted near standpipe. Rehydrated and monitored. No thermal burns, but medical attention required beyond basic kit.",recordable,Lumding Terminal,Hot Work,hot_work,2025-09-08,l3_synthetic,1,0
L3-0016,"Sanding rust at Guwahati Depot pipeline. Respirator mask strap broke, dust inhaled. Worker complained of breathing difficulty, sent to clinic for nebulization treatment. Not just first aid.",recordable,Guwahati Depot,Hot Work,hot_work,2025-09-24,l3_synthetic,1,0
L3-0017,"Night shift at Rangia, grinding valve body. Spark flew into eye protection. Grit in eye, persistent pain. Specialized ophthalmic wash needed, not standard eye wash. Categorized as recordable.",recordable,Rangia,Hot Work,hot_work,2026-02-20,l3_synthetic,1,0
L3-0018,"Brazing coupling on Jorhat Bypass Road pipeline. Contractor used wrong filler rod, joint failed. Hot metal splatter burned hand. Blisters formed, antiseptic dressing and antibiotics prescribed.",recordable,Jorhat Bypass Road,Hot Work,hot_work,2025-12-23,l3_synthetic,1,1
L3-0019,"Thermal cutting at Duliajan, debris flew out of containment. Hit leg of nearby worker. Abrasion and bruising, no fracture but required tetanus booster and dressing.",recordable,Duliajan,Hot Work,hot_work,2026-07-11,l3_synthetic,1,0
L3-0020,"Hot work in Digboi module, confined space entry. Worker felt dizzy from heat, exited and collapsed. Dehydration severe, IV fluids administered at site medical unit. Not minor first aid.",recordable,Digboi,Hot Work,hot_work,2026-03-31,l3_synthetic,1,0
L3-0021,"Confound H2S detector alarm during tank entry at Duliajan, gas source unidentified but concentration spiked to 100ppm, entry team aborted immediately, potential asphyxiation avoided due to early detection.",psif,Duliajan,Vessel/Tank Entry,confined_space,2026-01-15,l3_synthetic,1,1
L3-0022,"Worker entered Digboi sump without valid PTW, found high level of liquid near bottom, slippery conditions with no anti-slip footwear, high risk of fall and drowning, PTW violation confirmed.",psif,Digboi,Vessel/Tank Entry,confined_space,2026-04-08,l3_synthetic,1,1
L3-0023,"At Naharkatiya, contractor personnel entered vessel with only single LOTO applied, power isolation was incomplete for agitator drive, sudden activation possible, no lockout verification checklist completed.",psif,Naharkatiya,Vessel/Tank Entry,confined_space,2025-06-06,l3_synthetic,1,1
L3-0024,"During night shift at Moran, confined space entry permit expired 15 mins before entry, continuous monitoring not running, toxic atmosphere potential undetected, safeguard failure.",psif,Moran,Line Break,line_break,2025-08-30,l3_synthetic,1,1
L3-0025,"Lumding Terminal tank entry attempted with venting not completed, residual hydrocarbon vapors present, static discharge hazard from clothing, ignition source not controlled.",psif,Lumding Terminal,Line Break,line_break,2025-12-20,l3_synthetic,1,1
L3-0026,"Employee at Guwahati Depot entered manhole without buddy system, single person entry in dark area, no communication device functional, rescue capability absent.",psif,Guwahati Depot,Line Break,line_break,2026-02-10,l3_synthetic,1,1
L3-0027,"Rangia tank farm, contractor team entered storage tank for cleaning, no atmospheric test within 30 mins prior to entry, oxygen levels could have dropped below safe limit unnoticed.",psif,Rangia,Line Break,line_break,2025-10-25,l3_synthetic,1,1
L3-0028,"Jorhat Bypass Road pump station, sump entry carried out without proper PPE, worker wore regular shoes in oily environment, slip and fall onto submerged obstacles likely to cause severe laceration or fracture.",psif,Jorhat Bypass Road,Line Break,line_break,2026-07-27,l3_synthetic,1,1
L3-0029,"At Duliajan, vessel entry for inspection, gas analyzer calibrated 24 hours ago, drift error possible, high pressure system not fully depressurized, stored energy release hazard.",psif,Duliajan,Line Break,line_break,2026-01-31,l3_synthetic,1,0
L3-0030,"Digboi depot, tank entry permit shared with another crew, no dedicated standby person, weather turned rainy reducing visibility, rescue access blocked by flooding, isolation integrity compromised.",psif,Digboi,Line Break,line_break,2026-08-21,l3_synthetic,1,1
L3-0031,"5T crawler crane lifting spool piece at Duliajan, tag line not attached during swing. Load drifted 2m over walkway where two workers were standing. No PTW for hot work nearby but wind picked up suddenly. Near miss, no injury.",near_miss,Duliajan,Rigging/Lifting,lifting,2025-11-03,l3_synthetic,1,1
L3-0032,"Morning shift at Naharkatiya, mobile crane operator spotting pipe rack. Shackle pin not fully engaged in hook. Load dropped 30cm onto steel beam. Heavy thud heard, sway in area. H2S detector normal. No personnel under load at impact.",near_miss,Naharkatiya,Rigging/Lifting,lifting,2025-08-08,l3_synthetic,1,0
L3-0033,"Contractor team using 25T truck crane at Moran. Rigging sling cut by sharp edge on flange during hoist. Load tilted, tag line snapped. Operator lowered slowly. SIF potential realized but no contact with ground or people. Weather clear.",near_miss,Moran,Rigging/Lifting,lifting,2025-12-22,l3_synthetic,1,1
L3-0034,"Night shift Digboi, lifting pump casing across fence line. Wind gust pushed load into exclusion zone fencing. Fencing bent, load stopped 1m before office window. No shatter. LOTO in place on adjacent unit but not relevant. Near miss recorded.",near_miss,Digboi,Rigging/Lifting,lifting,2026-07-17,l3_synthetic,1,1
L3-0035,"Lumding Terminal, tanker offloading area. Forklift lifting cage of valves. Operator distracted by radio call, tilted load over pedestrian path. Two marshals stepped back instinctively. No tag line used incorrectly. No injury, high risk of crushing if they stayed.",near_miss,Lumding Terminal,Rigging/Lifting,lifting,2026-02-18,l3_synthetic,1,0
L3-0036,"Guwahati Depot, receiving new spare parts. Crane hook blocked by debris during descent. Load swung violently against storage rack. Rack shifted, boxes fell. No one in drop zone as per SWL check, but proximity was <1m. Wind calm.",near_miss,Guwahati Depot,Rigging/Lifting,lifting,2025-11-04,l3_synthetic,1,0
L3-0037,"Rangia refinery, unit 3 revamp. Overhead crane moving valve body. Brake failed momentarily, load dropped 0.5m. Slings stretched, load hit platform edge. Sparks flew, no fire. Workers in LOTO area looked up. Clear PSIF scenario avoided.",near_miss,Rangia,Rigging/Lifting,lifting,2026-02-17,l3_synthetic,1,0
L3-0038,"Jorhat Bypass Road pipeline expansion. Mini-crane lifting valve. Operator sightlines blocked by fuel tank trailer. Load swung into trailer frame. Metal on metal shriek. No personnel within radius, but tag line operator was 5m away. Near miss, high energy movement.",near_miss,Jorhat Bypass Road,Rigging/Lifting,lifting,2025-04-29,l3_synthetic,1,0
L3-0039,"Duliajan, jetty area. Waverider lifting hose reel. Wind increased to 45km/h. Load could not be controlled, swung into loading arm. Hose arm fractured. No staff on jetty at that moment due to tides. Warnings issued, wind hold implemented.",near_miss,Duliajan,Rigging/Lifting,lifting,2025-08-13,l3_synthetic,1,0
L3-0040,"Naharkatiya, compressor house. A-frame derrick lifting gas meter. Shackle slipped from one leg due to corrosion. Load fell 2m onto concrete pad. Dust cloud. No one working under, but inspector was 3m away observing. SIF potential, no injury.",near_miss,Naharkatiya,Rigging/Lifting,lifting,2025-06-10,l3_synthetic,1,0
L3-0041,"Contractor found unisolated line with residual pressure during maintenance at Duliajan. Valve was closed but PTW did not specify LOTO. No injury reported, line purged immediately.",near_miss,Duliajan,LOTO/Energy Isolation,energy_isolation,2026-04-29,l3_synthetic,1,1
L3-0042,Employee attempted to remove cover on Digboi pump skid without verifying zero energy. Stored spring tension caused slight movement. Equipment isolated after near miss event.,near_miss,Digboi,LOTO/Energy Isolation,energy_isolation,2025-12-25,l3_synthetic,1,0
L3-0043,"During night shift at Naharkatiya, isolated section released unexpected burst of gas. SIF interlock failed to engage. No personnel exposed due to rain and distance.",near_miss,Naharkatiya,LOTO/Energy Isolation,energy_isolation,2026-05-03,l3_synthetic,1,1
L3-0044,"Lumding Terminal loader arm locked out incorrectly. Hydraulic pressure remained in cylinders during hose change. Contractor near miss, no injury, re-verified energy isolation.",near_miss,Lumding Terminal,LOTO/Energy Isolation,energy_isolation,2026-01-13,l3_synthetic,1,0
L3-0045,"Residual H2S detected at Moran wellhead after TBT completion. Isolation flange not properly packed. Alert raised, area evacuated, no exposure recorded.",near_miss,Moran,LOTO/Energy Isolation,energy_isolation,2025-12-27,l3_synthetic,1,1
L3-0046,"Guwahati Depot storage tank gauge line had trapped pressure. Employee tightened bolt without bleeding off line. Near miss recorded, procedure violated, no injury.",near_miss,Guwahati Depot,LOTO/Energy Isolation,energy_isolation,2025-07-11,l3_synthetic,1,1
L3-0047,"Rangia compressor pack-out revealed unisolated instrument air line. Whistle noise startled team. No injury, LOTO tag missing, corrective action initiated.",near_miss,Rangia,LOTO/Energy Isolation,energy_isolation,2025-08-10,l3_synthetic,1,0
L3-0048,"Jorhat Bypass Road pipeline tie-in showed unexpected flow. Isolation valves were locked but bypass was open. Near miss, no injury, work stopped for review.",near_miss,Jorhat Bypass Road,LOTO/Energy Isolation,energy_isolation,2025-09-17,l3_synthetic,1,1
L3-0049,"Duliajan flare cooler had residual heat and pressure. Contractor touched blind flange, causing steam release. No burn, equipment fully isolated after incident.",near_miss,Duliajan,LOTO/Energy Isolation,energy_isolation,2026-02-10,l3_synthetic,1,1
L3-0050,"Digboi block valve stuck open during LOTO verification. Hydraulic pump tripped unexpectedly. Employee stepped back in time, no injury, TBT failed.",near_miss,Digboi,LOTO/Energy Isolation,energy_isolation,2026-05-04,l3_synthetic,1,0
L3-0051,Night shift operator at pump station found with strong alcohol smell near SIF valve. Worker reported dizziness but no impact on equipment. Supervisor escorted off site and incident logged as near miss.,near_miss,Naharkatiya,Controlled Substances,substance,2025-04-19,l3_synthetic,1,1
L3-0052,Contractor found snoring in control room during day shift. H2S alarm was testing fine but operator was unresponsive for 2 mins. No gas release detected during this period.,near_miss,Digboi,Controlled Substances,substance,2025-05-05,l3_synthetic,1,1
L3-0053,Driver of fuel tanker was dozing off on stand 3 at midnight. Vehicle moved 5 meters before hydraulic brakes engaged. No spillage or fire risk achieved.,near_miss,Lumding Terminal,Controlled Substances,substance,2026-06-21,l3_synthetic,1,0
L3-0054,Employee tested positive for cannabis during random pre-shift check. Individual refused to enter restricted area and was sent home. No operational impact caused.,near_miss,Duliajan,Controlled Substances,substance,2026-08-05,l3_synthetic,1,0
L3-0055,PTW holder under influence of sedatives while verifying LOTO status. Tool dropped from 4m height but missed the tank farm below. Close call recorded.,near_miss,Rangia,Controlled Substances,substance,2026-06-02,l3_synthetic,1,1
L3-0056,Technician complained of headache and slurred speech during maintenance. He stepped away from live electrical panel immediately on advice. No electrocution risk materialized.,near_miss,Moran,Controlled Substances,substance,2026-04-19,l3_synthetic,1,0
L3-0057,Contract staff member found with alcohol bottle in locker during morning rounds. Worker claimed it was for personal use but not consumed on site. No impairment observed during work.,near_miss,Guwahati Depot,Controlled Substances,substance,2026-04-12,l3_synthetic,1,1
L3-0058,Operator at compressor station was found napping near high-pressure manifold. Safety interlock was active preventing any unintended start. No injury or leak occurred.,near_miss,Naharkatiya,Controlled Substances,substance,2025-07-17,l3_synthetic,1,0
L3-0059,Driver of maintenance truck was sleepy on bumpy terrain. Vehicle swerved slightly toward barricade but stayed within lane. No collision or damage reported.,near_miss,Jorhat Bypass Road,Controlled Substances,substance,2026-07-19,l3_synthetic,1,0
L3-0060,Employee displayed signs of intoxication while handling flammable liquid drum. Spill was minor and contained within tray. No ignition source present during the event.,near_miss,Digboi,Controlled Substances,substance,2025-08-24,l3_synthetic,1,0
L3-0061,"During planned isolation of 6"" process line, blind flange failed to seat due to worn gasket, causing high pressure steam jet towards open area. PTW incomplete for energy source verification. Contractor team standing within 3m radius had seconds to evacuate, near fatal exposure potential.",psif,Duliajan,Line Break,line_break,2025-08-28,l3_synthetic,1,1
L3-0062,"While bolting flange on high-pressure hydrocarbon line, sudden release of H2S gas occurred due to incorrect blind plug alignment. Wind from NE pushed gas towards two employees standing close. Tox release potential high, no face shields or SCBA worn by nearby personnel.",psif,Digboi,Line Break,line_break,2025-05-31,l3_synthetic,1,1
L3-0063,"Break in 4"" fuel gas line during maintenance caused massive flare and fireball. Two technicians working on adjacent valve were fully exposed to thermal radiation. SIF trip failed to isolate section. Potential for severe burns and fatalities if they had not ducked behind equipment.",psif,Naharkatiya,Lifting/Suspended Load,dropped_object,2026-01-08,l3_synthetic,1,0
L3-0064,"Removal of restriction orifice in 1.5"" line resulted in water hammer effect, breaking flange connection. Debris and high velocity fluid sprayed across work zone. Worker in direct line of fire, potential for amputation or eye loss. LOTO procedure bypassed for speed.",psif,Moran,Lifting/Suspended Load,dropped_object,2026-09-11,l3_synthetic,1,0
L3-0065,"During commissioning of new pipeline spool, pressure test failed at flange joint. High pressure jet cut through PPE and struck contractor's leg. Intense pain reported, immediate need for hospitalisation. Significant blood loss potential. Safety watchman absent from isolation point.",psif,Lumding Terminal,Lifting/Suspended Load,dropped_object,2026-05-28,l3_synthetic,1,1
L3-0066,"Gasket crush in 10"" crude line caused uncontrolled release of crude oil and vapors under pressure. Flammable mist ignited near hot work permit area. Worker handling torch within blast radius. Potential for immediate fatality due to flash fire injury and smoke inhalation.",psif,Guwahati Depot,Lifting/Suspended Load,dropped_object,2025-12-23,l3_synthetic,1,0
L3-0067,"While cutting live line for modification, wrong valve was isolated. Line pressurised unexpectedly, breaking small bore connection. High pressure jet injected into skin of operator. Severe deep tissue injury risk. PTW scope did not cover this specific isolation point.",psif,Rangia,Lifting/Suspended Load,dropped_object,2025-10-09,l3_synthetic,1,0
L3-0068,"Blind flange rotated during bolt tightening on high-pressure steam header. Steam burst out at 300 deg C. Door of nearby utility room shattered. Two supervisors inside room, potential for third-degree burns and asphyxiation. Ventilation system offline.",psif,Jorhat Bypass Road,Lifting/Suspended Load,dropped_object,2026-05-31,l3_synthetic,1,0
L3-0069,"Lost flange bolts on 8"" gas line led to separation of ends. Gas cloud formed rapidly around digging trench. Worker in trench had no egress under gas overpressure. Potential for explosion and burial. Gas detector alarm faulty.",psif,Duliajan,Lifting/Suspended Load,dropped_object,2025-11-26,l3_synthetic,1,0
L3-0070,"Failure of gasket during pressure cycling test caused rupture. Debris and fluid stream hit scaffolding leg, collapsing it. Worker on 15ft platform fell towards active process equipment. Potential for crush injury or fall from height onto hard surface. No fall arrest gear used.",psif,Digboi,Lifting/Suspended Load,dropped_object,2025-07-04,l3_synthetic,1,0
L3-0071,"Rigger crushed between suspended pipe spool and ground during lift at Duliajan. Head impact fatal. Shift 2, heavy rain reducing visibility.",asif,Duliajan,Lifting/Suspended Load,dropped_object,2026-04-14,l3_synthetic,1,0
L3-0072,"Scaffold plank fractured under load at Moran, dropping 50kg wrench to ground below. Worker standing below suffered head laceration, admitted to hospital. Contractor crew, PTW valid.",asif,Moran,Lifting/Suspended Load,dropped_object,2025-06-15,l3_synthetic,1,1
L3-0073,"Worker fell 12m from tank roof at Lumding Terminal due to missing anchorage point. Leg fracture and spinal injury sustained. Employee, night shift, foggy conditions.",asif,Lumding Terminal,Permit to Work,ptw_violation,2026-09-19,l3_synthetic,1,0
L3-0074,"Crane outrigger settled on soft ground at Naharkatiya, tipping 2-ton load onto vehicle. Driver trapped, extricated with severe crush injuries to lower limbs. Hospitalized immediately.",asif,Naharkatiya,Permit to Work,ptw_violation,2025-12-27,l3_synthetic,1,1
L3-0075,"Suspended load swung uncontrolled at Digboi, striking gantry support. Worker on platform struck by debris, suffered compound fracture of arm. Contractor, morning shift, clear weather.",asif,Digboi,Permit to Work,ptw_violation,2025-04-28,l3_synthetic,1,0
L3-0076,"Falling scaffold tube at Rangia hit worker in face, causing orbital blowout and deep lacerations. Required surgical intervention. Employee, shift 1, windy conditions.",asif,Rangia,Rigging/Lifting,lifting,2026-03-24,l3_synthetic,1,0
L3-0077,"Rigging failed during heavy lift at Guwahati Depot, dropping 300kg flange. Worker standing in exclusion zone struck, fatal skull fracture. No LOTO applied, high energy release.",asif,Guwahati Depot,Rigging/Lifting,lifting,2025-04-21,l3_synthetic,1,0
L3-0078,"Worker slipped from ladder at Jorhat Bypass Road while securing suspended valve. Fell 6m onto paved surface, broken pelvis and bleeding from ears. Admitted to trauma center.",asif,Jorhat Bypass Road,Rigging/Lifting,lifting,2026-06-06,l3_synthetic,1,0
L3-0079,"Scaffold collapse at Duliajan during assembly phase, worker pinned under cross-bracing. Thoracic vertebra fracture incurred. Contractor, afternoon, high humidity.",asif,Duliajan,Vehicle Movement,driving,2025-11-21,l3_synthetic,1,0
L3-0080,"Hook rolled over during lift at Naharkatiya, dropping valve pack onto worker's shoulder. Massive soft tissue damage and clavicle fracture. Hospitalized, PTW expired but work continued.",asif,Naharkatiya,Vehicle Movement,driving,2025-04-21,l3_synthetic,1,0
L3-0081,"Vehicle reversing on lease road without spotter, struck worker knee, ankle sprain treated in field clinic.",recordable,Duliajan,Vehicle Movement,driving,2026-03-03,l3_synthetic,1,1
L3-0082,"Tractor operating at night, animal collision caused driver to lose control, bruising on abdomen, X-ray negative.",recordable,Digboi,Vehicle Movement,driving,2026-04-19,l3_synthetic,1,0
L3-0083,"Fatigued operator speeding on curved section, skid hit barrier, mild shoulder dislocation, referred to Guwahati hospital.",recordable,Naharkatiya,Vehicle Movement,driving,2025-09-05,l3_synthetic,1,1
L3-0084,"Reversing water tanker, rear bumper clipped employee heel, laceration required stitches.",recordable,Moran,Vehicle Movement,driving,2026-04-10,l3_synthetic,1,1
L3-0085,"High speed on wet road during rain, vehicle hydroplaned, driver experienced whiplash, neck pain, medical observation.",recordable,Lumding Terminal,Vehicle Movement,driving,2026-09-22,l3_synthetic,1,1
L3-0086,"Conveyor truck backing up, worker stepped back, crushed foot, toe fracture, ambulance transported to Rangia hospital.",recordable,Rangia,Vehicle Movement,driving,2025-10-26,l3_synthetic,1,1
L3-0087,"Vehicle parked on shoulder with hazard lights off, pickup reversing, impact on leg, mid-shin fracture, splinted at site.",recordable,Jorhat Bypass Road,Vehicle Movement,driving,2025-05-10,l3_synthetic,1,1
L3-0088,"Day time, crossing rail track, vehicle stuck, worker pulling loose cable, hand caught, tendon injury, irrigation required.",recordable,Duliajan,Vehicle Movement,driving,2026-09-03,l3_synthetic,1,0
L3-0089,"Worker walking on lease road, pickup reversing, wheel grazed shin, deep abrasion, tetanus shot and antibiotics.",recordable,Digboi,Vehicle Movement,driving,2026-05-31,l3_synthetic,1,1
L3-0090,"Heavy vehicle turning, worker outside clear zone, struck by exhaust stack, chest contusion, rib pain, CT scan cleared.",recordable,Naharkatiya,Vehicle Movement,driving,2025-09-16,l3_synthetic,1,0
L3-0091,"Scaffold plank slipped from second level at Duliajan pump station, narrowly missed operator walking below. No PTW violation observed but housekeeping was poor. Worker was wearing hard hat.",near_miss,Duliajan,Working at Height,height,2025-11-12,l3_synthetic,1,0
L3-0092,"Ladder rung gave way on Digboi flare stack, worker caught himself on rail. Near fall from 4m height. LOTO was active but safety harness was not hooked off.",near_miss,Digboi,Working at Height,height,2026-01-20,l3_synthetic,1,1
L3-0093,"Contractor lost balance on Lumding Terminal tank roof, caught edge with hand. Slip hazard due to rain. No injury reported but potential for PSIF given unprotected edge.",near_miss,Lumding Terminal,Working at Height,height,2026-07-25,l3_synthetic,1,1
L3-0094,"Guy wire snapped on Naharkatiya derrick, missed driller standing nearby. Wind speed was high but work continued. No fall arrest system deployed at the time.",near_miss,Naharkatiya,Working at Height,height,2026-01-19,l3_synthetic,1,0
L3-0095,"Roof sheeting shifted during removal at Guwahati Depot, worker held onto pipe rack. Loose material fell from 6m. PPE was compliant but coordination was lacking.",near_miss,Guwahati Depot,Working at Height,height,2026-07-04,l3_synthetic,1,0
L3-0096,"Scaffold lift basket tilted slightly at Rangia, operator inside felt unstable. Hydraulic leak suspected. Work stopped immediately, no personnel below in zone.",near_miss,Rangia,Working at Height,height,2026-06-27,l3_synthetic,1,1
L3-0097,"Worker slipped on oil spill on Jorhat Bypass Road platform, jumped to lower level. Landed on feet, no fracture. H2S monitor was not active on this level.",near_miss,Jorhat Bypass Road,Working at Height,height,2025-05-13,l3_synthetic,1,0
L3-0098,"Broken ladder rung found during inspection at Moran, worker was ascending. Turned back immediately. Old equipment being used without tag-out. Near miss recorded.",near_miss,Moran,Working at Height,height,2026-07-14,l3_synthetic,1,0
L3-0099,"Pipe fell from scaffold at Duliajan, hit guard rail then ground. Missed valve operator by 1 metre. No dual points of attachment used by contractor crew.",near_miss,Duliajan,Controlled Substances,substance,2026-05-17,l3_synthetic,1,0
L3-0100,"Roof access ladder detached at Digboi, worker on platform lost footing. Grabbed adjacent structure. No safety net below. TBT was not enforced for this task.",near_miss,Digboi,Controlled Substances,substance,2026-05-14,l3_synthetic,1,1
L3-0101,"Contractor opened valve on line 12 without checking PTW validity, gas meter read 0 LEL because purging incomplete, close call no exposure.",near_miss,Duliajan,Permit to Work,ptw_violation,2025-05-24,l3_synthetic,1,0
L3-0102,"Expired PTW for hot work found on Digboi plant 3, guard stopped welder before arc struck, sulfur smell detected nearby.",near_miss,Digboi,Permit to Work,ptw_violation,2026-04-06,l3_synthetic,1,0
L3-0103,"Gas test certificate forged for confined entry at Naharkatiya, supervisor caught mismatched signature, no one entered.",near_miss,Naharkatiya,Permit to Work,ptw_violation,2025-12-25,l3_synthetic,1,1
L3-0104,"Night shift operator bypassed LOTO procedure at Moran, unexpected flow from upstream caused pressure spike, no injury but system tripped.",near_miss,Moran,Permit to Work,ptw_violation,2025-03-31,l3_synthetic,1,1
L3-0105,"Missing gas test before breaking flange at Lumding Terminal, H2S detector alarm failed, worker smelled gas and retreated immediately.",near_miss,Lumding Terminal,Permit to Work,ptw_violation,2025-07-16,l3_synthetic,1,0
L3-0106,"PTW not cancelled after scope change at Guwahati Depot, fuel smell near electrical panel, near miss avoided due to static grounding kit nearby.",near_miss,Guwahati Depot,Permit to Work,ptw_violation,2026-02-18,l3_synthetic,1,1
L3-0107,"Valid PTW but missing isolation verification at Rangia, high pressure line isolated but blind flange not installed, valve leak detected during re-entry.",near_miss,Rangia,Permit to Work,ptw_violation,2026-03-01,l3_synthetic,1,1
L3-0108,"Contractor used expired hot work permit at Jorhat Bypass Road pump station, rain delayed testing, spark source identified before ignition.",near_miss,Jorhat Bypass Road,Permit to Work,ptw_violation,2025-11-07,l3_synthetic,1,0
L3-0109,"Forged gas test log for tank entry at Duliajan, safety officer intercepted team, toxic levels found upon re-testing.",near_miss,Duliajan,Permit to Work,ptw_violation,2025-08-10,l3_synthetic,1,0
L3-0110,"PTW skipped for minor maintenance at Digboi, valve packing failed causing hydrocarbon release, wind dispersed vapor before accumulation.",near_miss,Digboi,Permit to Work,ptw_violation,2025-09-05,l3_synthetic,1,0
L3-0111,"Crane operator at Digboi failed to keep load clear of personnel during slew, swinging bundle of pipes over a ladder where a rigging tech was standing, causing him to jump back and strain his ankle.",recordable,Digboi,Rigging/Lifting,lifting,2025-07-01,l3_synthetic,1,0
L3-0112,"Shackle pin on tag line slipped off unsecured load at Duliajan, striking a supervisor falling from 10ft scaffolding; he sustained a fractured wrist and was treated at RSQ.",recordable,Duliajan,Rigging/Lifting,lifting,2025-04-11,l3_synthetic,1,1
L3-0113,"Boom of mobile crane at Naharkatiya dropped slightly during lift due to wind gust, causing a tag line to snap and whip around a worker's arm, resulting in lacerations requiring stitches.",recordable,Naharkatiya,Rigging/Lifting,lifting,2025-06-17,l3_synthetic,1,0
L3-0114,"Sling cut by sharp edge of valve flange at Moran, load shifted and pinned a fitter's hand against the block for 15 seconds before released; diagnosed with crushed fingers and swelling.",recordable,Moran,Rigging/Lifting,lifting,2026-05-22,l3_synthetic,1,0
L3-0115,"Tag line not attached by crane spotter at Lumding Terminal, causing 2-ton flange to drift into wind and hit a loading arm, shattering a control panel glass that grazed an operator's forehead.",recordable,Lumding Terminal,Rigging/Lifting,lifting,2026-01-12,l3_synthetic,1,0
L3-0116,"Lifting beam overloaded at Guwahati Depot slipped off support blocks, dropping 6 inches and striking a contractor's shin as he walked underneath; swelling and bruising recorded as recordable injury.",recordable,Guwahati Depot,Rigging/Lifting,lifting,2026-02-04,l3_synthetic,1,1
L3-0117,"Runner crane at Rangia failed to brake smoothly, load swung into pipe rack and struck a worker leaning on the rail, causing a dislocated shoulder and minor head contusion.",recordable,Rangia,Rigging/Lifting,lifting,2026-07-19,l3_synthetic,1,1
L3-0118,"Improper rigging of heavy pump at Jorhat Bypass Road caused sling to burst while lifting, whipping a worker who was guiding the load with his hand, resulting in deep cuts on forearm.",recordable,Jorhat Bypass Road,Rigging/Lifting,lifting,2025-10-11,l3_synthetic,1,0
L3-0119,"Crane hook at Digboi fell from 30ft height due to latch failure, missing a crew member by 2ft and hitting the ground; shock and minor abrasions reported, but no direct impact injury.",recordable,Digboi,Rigging/Lifting,lifting,2026-09-01,l3_synthetic,1,0
L3-0120,"Load shifted during transport by forklift at Duliajan, dropping a steel plate onto a driver's foot who was repositioning it without PTW; toe injury required X-ray and bandaging.",recordable,Duliajan,Rigging/Lifting,lifting,2026-01-30,l3_synthetic,1,0
L3-0121,Employee found by supervisor at 04:30 hrs near pump house smelling of alcohol. First aid administered at site clinic for dizziness but patient refused further hospital transfer. Blood sample collected and posted for lab analysis. PTW for day shift suspended pending investigation.,recordable,Duliajan,Controlled Substances,substance,2026-02-09,l3_synthetic,1,1
L3-0122,Contractor operator involved in minor collision with forklift during off-road transfer. Immediate first aid given for head bump and abrasions. Medical officer assessed and recommended observation. Operator reported no drug use but field officer noted suspicious behavior during pre-shift check.,recordable,Digboi,Controlled Substances,substance,2026-09-15,l3_synthetic,1,1
L3-0123,Operator delayed in entering control room after smoking break. Breathalyzer showed 0.08% alcohol level. Operator visited camp infirmary due to sudden vomiting. Incident recorded as recordable due to treatment beyond first aid. Assigned duties suspended immediately.,recordable,Naharkatiya,Controlled Substances,substance,2026-07-12,l3_synthetic,1,1
L3-0124,Worker found unconscious in abandoned hut near metering point at 22:00 hrs. Woken up by security team and taken to local hospital for IV fluids. Suspected intoxication due to consumption of local liquor. No physical injury other than mild dehydration recorded in medical report.,recordable,Moran,Controlled Substances,substance,2026-07-24,l3_synthetic,1,0
L3-0125,Driver of water tanker involved in fender bender on access track. Driver claimed fatigue but smell of alcohol detected during PTW check. Driver treated at site clinic for minor cuts on forehead. Vehicle immobilized and driver shifted to standby status. Lab test requested for impairment confirmation.,recordable,Lumding Terminal,Controlled Substances,substance,2026-01-31,l3_synthetic,1,0
L3-0126,Maintenance crew member reported nausea and headache during scheduled maintenance. Suspected ingestion of prescribed medication without doctor advice or mixing with alcohol. First aid provided but symptoms persisted requiring medical evaluation at nearby hospital. TBT issued for breach of drug and alcohol policy.,recordable,Guwahati Depot,Controlled Substances,substance,2026-07-15,l3_synthetic,1,0
L3-0127,Employee attempted to enter live area without proper PPE while under influence. Stopped by LOTO representative but exhibited aggressive behavior. Taken to clinic for stabilization due to raised blood pressure induced by stress and substance. No direct injury from process equipment but medical attention required beyond first aid.,recordable,Rangia,Controlled Substances,substance,2026-08-21,l3_synthetic,1,0
L3-0128,Contractor fitter found unresponsive on platform of 10m height at 03:00 hrs. Rescued by rope team and given first aid for confusion and disorientation. Transported to hospital for observation. Preliminary test indicated presence of sedatives. Safety stand-down conducted for the crew.,recordable,Jorhat Bypass Road,Controlled Substances,substance,2025-10-19,l3_synthetic,1,0
L3-0129,Operator missed critical alarm response due to drowsiness. Later found to be under influence of over-the-counter cold medicine mixed with alcohol. Experienced mild hypotensive episode treated at site health desk. Immediate removal from critical role and notification to HSSE coordinator. Recordable injury due to medical treatment for vitals stabilization.,recordable,Duliajan,Controlled Substances,substance,2026-07-12,l3_synthetic,1,0
L3-0130,Vehicle operator involved in near collision at entry gate leading to sudden braking injury. Sprained ankle requiring splinting and X-ray at local clinic. Operator failed random alcohol test conducted post-incident. Duty suspended and case referred for disciplinary action. Medical certificate obtained for injury treatment.,recordable,Digboi,Controlled Substances,substance,2025-04-14,l3_synthetic,1,0
L3-0131,"Fuel tanker reversed on lease road without spotter, rear wheel passed within 0.5m of standing supervisor. No spotters deployed due to short shift change. PTW not updated for reversing ops.",psif,Moran,Vehicle Movement,driving,2026-01-22,l3_synthetic,1,0
L3-0132,"Pickup vehicle crossed over centre line on foggy night near gate, near collision with oncoming dumper. Driver reported fatigue after 12hr shift. No injury but close call on narrow dirt road.",psif,Duliajan,Vehicle Movement,driving,2025-12-11,l3_synthetic,1,1
L3-0133,"Cattle wandered onto access road, driver applied emergency brake causing truck to skid near embankment edge. Vehicle stopped 1m from slope. No impact but high risk of rollover.",psif,Digboi,Vehicle Movement,driving,2025-05-13,l3_synthetic,1,1
L3-0134,"Staff car oversped on bend, tyres lost grip and vehicle went onto shoulder. No barrier present. Vehicle stopped against tree. Occupants unbelted at time of event.",psif,Rangia,Vehicle Movement,driving,2026-02-15,l3_synthetic,1,0
L3-0135,"Water tanker driver distracted by mobile phone, missed bend and drove into soft patch. Vehicle tilted 45 deg. Occupants braced but no injury. No guardrail on that stretch.",psif,Lumding Terminal,Vehicle Movement,driving,2026-05-10,l3_synthetic,1,0
L3-0136,Contractor tractor reversing blindly near equipment laydown area. Almost struck live cable reel. Alarm sounded but no speed limiter on vehicle. High energy potential if hit.,psif,Naharkatiya,LOTO/Energy Isolation,energy_isolation,2025-05-26,l3_synthetic,1,0
L3-0137,"Monsoon rain reduced visibility. Bus driver braked suddenly on loose gravel, rear axle slipped off road edge. Vehicle stopped on incline. Passenger standing in aisle near exit door.",psif,Jorhat Bypass Road,LOTO/Energy Isolation,energy_isolation,2026-01-17,l3_synthetic,1,0
L3-0138,Fuel bowser entered closed section of road due to navigation error. Stopped 2m away from unmarked trench. No ground exploration done before entry. High risk of under-ride.,psif,Guwahati Depot,LOTO/Energy Isolation,energy_isolation,2025-05-26,l3_synthetic,1,0
L3-0139,"Night shift patrol vehicle moved fast on wet tarmac, hydroplaned and drifted across lane. Nearly clipped stationary tool crate. No sign of hazard present. Driver admitted to tiredness.",psif,Digboi,LOTO/Energy Isolation,energy_isolation,2025-08-02,l3_synthetic,1,1
L3-0140,Loader operator reversing on lease road with poor lighting. Almost backed into pedestrian crossing road. No lights on vehicle rear. Pedestrian stood still in shock.,psif,Duliajan,LOTO/Energy Isolation,energy_isolation,2026-03-12,l3_synthetic,1,0
L3-0141,"Contractor scaffold gang working at 10am in Duslik. Safety belt lanyard broke under load, worker dangled for 5 mins before rescue. Required stitches on back but no fracture. PTW was valid but inspection log missing for the harness.",recordable,Duliajan,Lifting/Suspended Load,dropped_object,2025-07-16,l3_synthetic,1,1
L3-0142,"Forklift lifting pipe rack at 1400 hrs. Load shifted due to wet mud, struck operator's leg. Swelling and bruising, treated in canteen clinic. No sling certified, operator untrained on load trim.",recordable,Digboi,Lifting/Suspended Load,dropped_object,2025-07-29,l3_synthetic,1,1
L3-0143,"Scaffolder fell from 2nd level platform while moving cross-brace. Landing on dirt, fractured wrist. A-frame ladder not tied off, no spotter present. Rain in evening reduced grip.",recordable,Naharkatiya,Lifting/Suspended Load,dropped_object,2025-06-01,l3_synthetic,1,0
L3-0144,"Crane boom struck overhead 11kV line during lift in foggy morning. Arc flash exposed to rigger, minor burn on forearm. SIF tripped but clearance procedure ignored. Rigger required dressing, signed off same day.",recordable,Moran,Lifting/Suspended Load,dropped_object,2026-07-29,l3_synthetic,1,0
L3-0145,"Suspended load of valve body dropped 2m due to shackle pin withdrawal. Hit worker's shin, deep laceration. Splice not inspected, LOTO not applied on hoist. First aid applied, no X-ray needed.",recordable,Lumding Terminal,Lifting/Suspended Load,dropped_object,2026-06-14,l3_synthetic,1,1
L3-0146,"Workman climbing manway fell 3m when bolt slipped. Hit knee hard on concrete pad. Pain and swelling, transported to civil hospital. No helmet, no belt. Weather windy, gusts reported.",recordable,Guwahati Depot,Lifting/Suspended Load,dropped_object,2026-07-22,l3_synthetic,1,1
L3-0147,"EOT crane lifting transformer core. Rope snapped, core dropped 1m. Worker caught foot between core and beam. Crush injury, toe fracture. Weekly inspection report was fake, wire rope frayed visibly.",recordable,Rangia,Lifting/Suspended Load,dropped_object,2025-08-06,l3_synthetic,1,0
L3-0148,"Transporter unloading steel pipes at 2200 hrs. Chain hoist failed, pipes rolled down slope. Worker tripped and fell, twisted ankle. Lighting poor, no banking for load. Treated at site infirmary.",recordable,Jorhat Bypass Road,Lifting/Suspended Load,dropped_object,2025-10-10,l3_synthetic,1,1
L3-0149,"During lifting/suspended load at Digboi, a worker slipped and injured his wrist. Hospital check found no fracture; treated and released with medication.",recordable,Digboi,Lifting/Suspended Load,dropped_object,2026-06-03,l3_synthetic,1,1
L3-0150,"During lifting/suspended load at Digboi, a worker slipped and injured his wrist. Hospital check found no fracture; treated and released with medication.",recordable,Digboi,Lifting/Suspended Load,dropped_object,2026-01-11,l3_synthetic,1,1
L3-0151,"Operator driving company jeep on lease road at 2200 hrs hit a stray cow. Driver ran over the animal and sustained multiple fractures. Unconscious on arrival, taken to hospital via air ambulance.",asif,Duliajan,Vehicle Movement,driving,2026-03-10,l3_synthetic,1,1
L3-0152,Contractor truck reversing near Digboi metering station without spotter. Vehicle struck the rear of a parked service van and crushed the attendant. Fatal head and chest injuries confirmed on scene.,asif,Digboi,LOTO/Energy Isolation,energy_isolation,2026-03-12,l3_synthetic,1,1
L3-0153,Heavy rain reduced visibility on Naharkatiya access road. Forklift operator lost control while reversing near pipe rack. Machine tipped and pinned the operator's leg. Amputation below knee required.,asif,Naharkatiya,LOTO/Energy Isolation,energy_isolation,2025-06-20,l3_synthetic,1,1
L3-0154,Fatigued driver of fuel bowser oversped on curve near Moran. Vehicle left road and slammed into support pillar. Driver trapped and suffered severe spinal injury and internal bleeding.,asif,Moran,LOTO/Energy Isolation,energy_isolation,2026-05-02,l3_synthetic,1,0
L3-0155,Lorry unloading at Lumding Terminal slipped on wet surface. Trailer swung and struck the uncontrolled loading arm. Operator was 1m away when arm collapsed. Broken ribs and lacerations.,asif,Lumding Terminal,Working at Height,height,2025-07-17,l3_synthetic,1,1
L3-0156,Station wagon driven by employee on Guwahati Depot apron. Sudden brake failure led to collision with concrete pillar at 40 kmph. Passenger sustained compartmentalised skull fracture. Critical condition in ICU.,asif,Guwahati Depot,Working at Height,height,2026-03-19,l3_synthetic,1,0
L3-0157,Spotter for reversing dumper at Rangia fell while crossing road. Dumper rear tyres rolled over his torso. Fatal crush injury to abdomen and pelvis. Body recovered after 2 hours.,asif,Rangia,Working at Height,height,2025-12-11,l3_synthetic,1,0
L3-0158,Bicycle with two children entered Jorhat Bypass Road near gate 4. Patrol jeep running high speed failed to stop in time. Impact lethal. Both children died at scene. Driver arrested.,asif,Jorhat Bypass Road,Controlled Substances,substance,2025-06-06,l3_synthetic,1,1
L3-0159,Tractor trolley reversing on narrow service track in Digboi field. No banksmen present. Rear wheels hit the electrical panel and struck the operator standing behind. Fatal neck fracture.,asif,Digboi,Controlled Substances,substance,2026-01-10,l3_synthetic,1,0
L3-0160,Pickup vehicle swerved to avoid goat on Duliajan lease road. Rolled over multiple times into ditch. Occupant ejected and dragged 20m. Severe traumatic brain injury and facial crush. Died in ambulance.,asif,Duliajan,Controlled Substances,substance,2026-07-07,l3_synthetic,1,0
L3-0161,Worker detected H2S spike at 50ppm during pre-entry check in storage tank at Duliajan. Confined space entry permit not yet issued but he opened the manhole manually. PPE was worn but no one else was present to assist.,near_miss,Duliajan,Vessel/Tank Entry,confined_space,2025-06-26,l3_synthetic,1,0
L3-0162,Contractor team entered Digboi sump without verifying gas test results. Sudden release of vapors caused immediate evacuation. No injuries reported but PTW violation noted.,near_miss,Digboi,Vessel/Tank Entry,confined_space,2026-06-14,l3_synthetic,1,1
L3-0163,"While closing manhole cover at Naharkatiya, slip on wet surface caused worker to fall into sump. Escaped with minor bruises only. Weather was rainy and visibility low.",near_miss,Naharkatiya,Vessel/Tank Entry,confined_space,2026-08-02,l3_synthetic,1,1
L3-0164,Entry into vessel at Moran failed due to high H2S levels detected by portable monitor. Team aborted procedure immediately. No exposure occurred but watchperson was not inside the exclusion zone.,near_miss,Moran,Vessel/Tank Entry,confined_space,2026-09-07,l3_synthetic,1,0
L3-0165,Worker at Lumding Terminal attempted entry into settling tank without LOTO verification. Supervisor stopped activity before any physical contact with internals. Near miss event recorded.,near_miss,Lumding Terminal,Vessel/Tank Entry,confined_space,2026-06-19,l3_synthetic,1,0
L3-0166,"During maintenance at Guwahati Depot, ventilation fan failed while two employees were inside the tank. Emergency exit used within 30 seconds. No respiratory distress reported but alarm triggered.",near_miss,Guwahati Depot,Vessel/Tank Entry,confined_space,2026-01-23,l3_synthetic,1,0
L3-0167,Contractor at Rangia found manhole open without barricade during night shift. Walked into vicinity but stepped back due to visible gas cloud. Area was isolated immediately after.,near_miss,Rangia,Vessel/Tank Entry,confined_space,2026-04-05,l3_synthetic,1,1
L3-0168,"At Jorhat Bypass Road, worker slipped on ladder descending from tank hatch. Arrested by harness before hitting the ground. No injury sustained but harness showed signs of strain.",near_miss,Jorhat Bypass Road,Vessel/Tank Entry,confined_space,2025-08-02,l3_synthetic,1,0
L3-0169,Entry into Digboi filter press vessel was initiated with incomplete gas test. High combustible gas levels detected upon entry. Immediate withdrawal performed. No ignition source present.,near_miss,Digboi,Vessel/Tank Entry,confined_space,2025-05-13,l3_synthetic,1,1
L3-0170,Morning shift crew at Duliajan blocked tank entrance with material. Worker reached in to retrieve item but pulled back when vapor cloud formed. Exposure time minimal. Wind direction changed suddenly.,near_miss,Duliajan,Vessel/Tank Entry,confined_space,2025-05-18,l3_synthetic,1,1
L3-0171,"Operator found sleeping in control room at Duliajan, H2S alarm active but no response due to suspected alcohol intake. PTW for nearby maintenance was revoked immediately as high risk of misoperation. No breach occurred but safeguard absent during critical period.",near_miss,Duliajan,Controlled Substances,substance,2026-02-16,l3_synthetic,1,0
L3-0172,"Contractor at Lumding Terminal reported late shift under influence, unable to perform LOTO steps correctly on pump station. Supervisor intervened before energization, preventing potential electrocution or mechanical injury. Zero injury but clear potential for fatal accident identified.",near_miss,Lumding Terminal,Controlled Substances,substance,2025-08-08,l3_synthetic,1,0
L3-0173,"Driver at Rangia depot swerved onto shoulder at high speed due to drowsiness from illicit substance use. Vehicle stopped just inches from a high-pressure transmission line. No impact or injury, but near miss cited for loss of vehicle control near hazard.",near_miss,Rangia,Controlled Substances,substance,2026-07-24,l3_synthetic,1,0
L3-0174,"Morning shift handover at Digboi delayed 45 mins as valve operator was visibly impaired and confused on SIF status. Manual override was attempted by safety officer, avoiding unintended flow release. No spill or injury, but potential for major environmental and safety incident negated by intervention.",near_miss,Digboi,Controlled Substances,substance,2026-04-07,l3_synthetic,1,0
L3-0175,"Worker at Jorhat Bypass Road found intoxicated in loading bay, attempting to bypass interlock on truck coupling. Security team stopped action before plug was withdrawn without pressure check. No injury or leak, but high potential for hydraulic crush or spray burn noted.",near_miss,Jorhat Bypass Road,Controlled Substances,substance,2025-08-30,l3_synthetic,1,1
L3-0176,"Overnight security at Guwahati Depot consumed prohibited substance, leading to failure to challenge an unauthorized vehicle approaching storage tanks. Incident discovered at 0600 hrs when vehicle was already in restricted zone. No collision or intrusion, but clear breach of perimeter defense posed serious threat.",near_miss,Guwahati Depot,Controlled Substances,substance,2026-09-20,l3_synthetic,1,1
L3-0177,"Technician at Moran plant slumped at ladder base during maintenance, suspected drug-induced dizziness. Colleague caught him before fall from 3 meters. No injury sustained due to immediate support, but potential for fatality from fall was present.",near_miss,Moran,Controlled Substances,substance,2025-08-19,l3_synthetic,1,0
L3-0178,"Fuel bowser driver at Naharkatiya reported brief blackouts while driving to refueling point. Vehicle drifted near wellhead flare pit but stopped short. No fire or injury, but near miss recorded due to loss of consciousness near active ignition source.",near_miss,Naharkatiya,Controlled Substances,substance,2025-12-25,l3_synthetic,1,1
L3-0179,"Shift charge at Duliajan failed to log critical pressure drop, found with empty alcohol container in locker. Automated alarm triggered shutdown before unsafe operating limits were exceeded. No process upset or injury, but human error due to impairment created near miss condition.",near_miss,Duliajan,Controlled Substances,substance,2025-06-14,l3_synthetic,1,0
L3-0180,"Contractor at Digboi refuelling bay observed using phone and appear disoriented, misjudged distance from live hose. Hose snapped back but did not strike personnel due to quick reaction. No injury, but potential for severe whip lash injury was nearly realized.",near_miss,Digboi,Controlled Substances,substance,2025-12-04,l3_synthetic,1,0
L3-0181,"Contractor found climbing 8m ladder without harness at Duliajan pump station. Scaffolding plank suddenly slipped from hands dropping tools below. Rescue team stopped work immediately, PTW cancelled. No falls recorded but high energy drop event.",psif,Duliajan,Working at Height,height,2025-07-16,l3_synthetic,1,0
L3-0182,"Ladder base shifted on wet deck at Digboi during morning shift. Employee lost footing at 4m height, caught guardrail with both hands. Violent jolt felt, no injury sustained but near miss status confirmed. Safety stand-down initiated.",psif,Digboi,Working at Height,height,2025-05-12,l3_synthetic,1,0
L3-0183,"Roofing sheet slipped from scaffold at Naharkatiya processing area. Sheet struck worker's helmet from 6m height, deflected. Worker staggered but remained stable. Hazardous zone cleared, anchor points inspected.",psif,Naharkatiya,Working at Height,height,2026-04-17,l3_synthetic,1,1
L3-0184,"TBT found loose on platform at Moran, worker attempted to tighten from below without scaffold. Steel component dropped onto foot from 3m. No impact injury but shock reported. PTW violation noted, contractor crew suspended.",psif,Moran,Working at Height,height,2026-03-12,l3_synthetic,1,0
L3-0185,"Scaffold leg sank into soft soil at Lumding Terminal at night. 5m platform tilted sharply, two men scrambled to roof edge. One fell 2m to catch pipe, massive impact. X-ray negative, muscle strain only. Critical near miss.",psif,Lumding Terminal,Working at Height,height,2025-11-23,l3_synthetic,1,1
L3-0186,"Ladder moved while employee ascending at Guwahati Depot. Slip at 1.5m, worker grasped railing too late. Hip impact with concrete wall. No fracture, bruising treated on site. Guardrail non-functional, LOTO bypassed.",psif,Guwahati Depot,Controlled Substances,substance,2026-02-12,l3_synthetic,1,1
L3-0187,"Roof maintenance at Rangia, contractor used unsecured ladder. Top rung broke under load at 7m height. Worker suspended in air for 10 mins before rescue. No injury but extreme exposure. SIF trigger event.",psif,Rangia,Controlled Substances,substance,2026-07-25,l3_synthetic,1,0
L3-0188,"Platform edge protection removed for material transport at Jorhat Bypass Road. Worker stepped where guardrail missing, fell 2m. Hit tank surface, rolled. No major trauma, shaken. Unauthorized removal by maintenance crew.",psif,Jorhat Bypass Road,Controlled Substances,substance,2026-07-22,l3_synthetic,1,0
L3-0189,"Scaffold collapse at Duliajan flare stack repair. Wind gust 50km/h, temporary structure gave way at 9m. Two contractors fell, caught by lifelines. High energy swing, no collision with ground. Near fatal event, PTW revoked.",psif,Duliajan,Controlled Substances,substance,2025-11-05,l3_synthetic,1,0
L3-0190,"Ladder foot lifted by forklift at Digboi storage unit. Worker at 3m lost balance, fell backwards. Hit steel beam on lower back. No fracture, severe pain. Forklift operator not briefed. Major near miss.",psif,Digboi,Controlled Substances,substance,2026-07-26,l3_synthetic,1,1
L3-0191,"Contractor entered 2000 KL storage tank at Digboi without valid PTW, H2S detector alarm triggered, worker exited immediately before exposure. No injury recorded but atmospheric test was missing.",near_miss,Digboi,Vessel/Tank Entry,confined_space,2026-08-02,l3_synthetic,1,1
L3-0192,"During routine inspection of sump pit at Naharkatiya, loose cover slipped, inspector stepped back avoiding fall into hydrocarbon sludge. PPE was intact, no chemical contact occurred.",near_miss,Naharkatiya,Vessel/Tank Entry,confined_space,2025-05-22,l3_synthetic,1,1
L3-0193,"Vessel door at Duliajan unit left ajar during shift change, intern tried to enter for cleaning, stopped by supervisor who noted lack of LOTO verification. Potential for energy release existed.",near_miss,Duliajan,Vessel/Tank Entry,confined_space,2025-04-26,l3_synthetic,1,0
L3-0194,"At Lumding Terminal, forklift lifted worker near tank manhole, hook snagged on clothing but released, worker unharmed. High risk of strangulation if snag had held.",near_miss,Lumding Terminal,Vessel/Tank Entry,confined_space,2026-04-14,l3_synthetic,1,0
L3-0195,"Heavy rain in Jorhat Bypass Road area caused slip on tank access ladder, employee fell back onto platform edge, caught guardrail. No fracture, near miss confined to loss of balance.",near_miss,Jorhat Bypass Road,Line Break,line_break,2026-07-26,l3_synthetic,1,0
L3-0196,"Moran site saw unauthorized entry into degasser manhole by third-party vendor, sensor indicated high H2S, vendor reversed before crossing threshold. Gas level was critical.",near_miss,Moran,Line Break,line_break,2025-04-20,l3_synthetic,1,1
L3-0197,"Guwahati Depot truck fire extinguisher blocked tank entry point, emergency drill revealed restricted egress route. No one trapped, but escape path was compromised.",near_miss,Guwahati Depot,Line Break,line_break,2026-07-02,l3_synthetic,1,0
L3-0198,"At Rangia, steam leak near vessel inspection plate announced during entry prep, worker removed face shield to adjust, steam jet released inches from eyes. No injury, but high energy hazard active.",near_miss,Rangia,Line Break,line_break,2026-03-16,l3_synthetic,1,0
L3-0199,"Digboi storage area, contractor ladder leaned against tank inlet, foot slipped, ladder shifted but did not collapse. Worker held onto tank structure, potential for fall into tank existed.",near_miss,Digboi,Line Break,line_break,2026-07-14,l3_synthetic,1,1
L3-0200,"Naharkatiya polymerization vessel top, safety chain broke during purging, worker on top lacked tie-off, momentary suspension before rescue. No injury, but fall distance was 15m.",near_miss,Naharkatiya,Line Break,line_break,2026-07-15,l3_synthetic,1,0
L3-0201,"While removing blind bolts on 6"" water line, worker got high pressure spray to forearm from loose gasket. Bleeding controlled with pressure bandage, sent to camp infirmary. PTW had blind removal in scope but isolation verification was incomplete.",recordable,Duliajan,Line Break,line_break,2026-01-25,l3_synthetic,1,1
L3-0202,"Contractor pinched finger between flange faces while tightening bolts on N2 line. Skin was broken and swelled up. First aid applied, treated as minor laceration requiring stitches. Shift 2 evening work.",recordable,Digboi,Line Break,line_break,2025-08-05,l3_synthetic,1,1
L3-0203,"During blind swap on fuel gas header, live line was not fully depressurized. Gas escaping through gasket caused worker to slip and scrape hand on sharp pipe edge. Cut required medical attention but no permanent damage. H2S monitor alarm went off briefly.",recordable,Naharkatiya,Line Break,line_break,2026-05-23,l3_synthetic,1,0
L3-0204,Technician cut palm on jagged metal edge while cutting old flange bolts for removal. Deep cut bled heavily. CPT team assisted with dressing. Incident logged as recordable due to depth of wound.,recordable,Moran,Lifting/Suspended Load,dropped_object,2026-01-13,l3_synthetic,1,0
L3-0205,"When opening inspection blind on heavy duty separator line, high velocity fluid jet struck worker in the shoulder. Caused severe bruising and temporary loss of feeling. Medical officer prescribed rest and painkillers. No fracture found on X-ray.",recordable,Lumding Terminal,Lifting/Suspended Load,dropped_object,2026-08-13,l3_synthetic,1,1
L3-0206,"Loading arm gasket failed during connection at bowser bay. Oil spray hit operator's face and neck, causing chemical irritation and small burn. Washed out with eye wash station and treated with burn cream. Product was light crude but hot.",recordable,Guwahati Depot,Lifting/Suspended Load,dropped_object,2026-07-01,l3_synthetic,1,0
L3-0207,Worker trapped wrist in valve guard while isolating line for maintenance. Swelling and pain indicated possible ligament strain. Requested ambulance for further check. No damage to skin but restricted movement for 3 days.,recordable,Rangia,Lifting/Suspended Load,dropped_object,2025-07-20,l3_synthetic,1,0
L3-0208,"During blind removal on steam line, superheated steam escaped from live side due to misaligned blind. Worker got burn on back of hand. Treated for second degree burn. Contractor crew did not follow LOTO procedure properly for steam out.",recordable,Duliajan,Lifting/Suspended Load,dropped_object,2025-04-05,l3_synthetic,1,0
L3-0209,Hand got caught in flange gap while inserting new gasket on high pressure line. Bruising and abrasion sustained. Did not require hospitalization but medical certificate issued. Work stopped after incident for safety briefing.,recordable,Digboi,Lifting/Suspended Load,dropped_object,2025-11-03,l3_synthetic,1,0
L3-0210,"While cutting bolts on corroded flange, sharp metal fragment flew off and grazed temple. Small cut caused bleeding. Cleaned and bandaged at field clinic. Worker returned to desk duties next day.",recordable,Jorhat Bypass Road,Lifting/Suspended Load,dropped_object,2025-12-29,l3_synthetic,1,1
L3-0211,"Contractor team opened manhole at Lift Station 3 without valid PTW. Gas detector reading 15% LEL but work stopped before entry. No injury, near miss only.",near_miss,Duliajan,Permit to Work,ptw_violation,2026-02-25,l3_synthetic,1,1
L3-0212,"Expired permit found in use for hot work near flare header during night shift. Fire watch absent. H2S alarm triggered, crew withdrew immediately. No damage or injury.",near_miss,Digboi,Permit to Work,ptw_violation,2025-11-05,l3_synthetic,1,1
L3-0213,Employee performed lathing on pipeline without LOTO verification. Pressure gauge showed 2 bar residual. Valve tagged but not isolated completely. Near miss as no release occurred.,near_miss,Naharkatiya,Permit to Work,ptw_violation,2026-01-21,l3_synthetic,1,0
L3-0214,"Forged signature on PTW for scaffolding erection found during audit. Work halted. Suspect compromised for safety violation. No structural failure, near miss recorded.",near_miss,Moran,Permit to Work,ptw_violation,2025-12-25,l3_synthetic,1,0
L3-0215,"Gas test report missing for confined space entry at clarifier. Supervisor allowed entry without first air check. Worker stepped out upon realizing error. No exposure, near miss.",near_miss,Lumding Terminal,Permit to Work,ptw_violation,2025-08-13,l3_synthetic,1,0
L3-0216,"Drilling rig crew used general permit for specific wellhead operation. PTW not specific to high-risk activity. Sudden pressure spike contained by BOP. No injury or spill, near miss.",near_miss,Rangia,Permit to Work,ptw_violation,2026-05-11,l3_synthetic,1,1
L3-0217,"Contractor vehicle entered restricted zone without valid entry permit. Proximity to running pump caused minor vibration alarm. Driver stopped truck. No collision, near miss.",near_miss,Guwahati Depot,Permit to Work,ptw_violation,2025-11-19,l3_synthetic,1,0
L3-0218,Work order referenced closed PTW number. Workers started electrical isolation without new permit. Circuit was live but no contact made. HSE team intervened. Near miss.,near_miss,Jorhat Bypass Road,Permit to Work,ptw_violation,2025-06-11,l3_synthetic,1,0
L3-0219,"Rain delayed gas testing for tank cleaning. Crew proceeded with cleaning using old 4am readings. H2S detector beeped at 10ppm. Exit protocol followed. No symptom, near miss.",near_miss,Duliajan,Permit to Work,ptw_violation,2025-11-03,l3_synthetic,1,0
L3-0220,SIF inhibit used without approved deviation or extended PTW. Isolation valve failed to close fully. Leak detected by visual check. System shut down safely. Near miss.,near_miss,Digboi,Permit to Work,ptw_violation,2026-07-10,l3_synthetic,1,0
L3-0221,"Operator under influence found sleeping on pump platform at Duliajan, woke up confused and developed severe nausea requiring ambulance transfer to hospital.",recordable,Duliajan,Controlled Substances,substance,2026-09-13,l3_synthetic,1,1
L3-0222,"Contractor at Digboi failed H2S breathing apparatus fit test due to alcohol consumption, showed signs of intoxication and required medical attention for dizziness.",recordable,Digboi,Controlled Substances,substance,2025-06-10,l3_synthetic,1,0
L3-0223,"Driver at Naharkatiya reported positive drug test after minor collision with bollards, sustained minor lacerations on hand treated by site medic.",recordable,Naharkatiya,Controlled Substances,substance,2026-06-12,l3_synthetic,1,1
L3-0224,"Technician at Moran found slumped over control panel during night shift, exhibited slurred speech indicative of alcohol impairment, taken for medical evaluation.",recordable,Moran,Controlled Substances,substance,2026-07-09,l3_synthetic,1,1
L3-0225,"Employee at Lumding Terminal caught consuming alcohol near loading arm, tried to resist PTW audit leading to fall and sprained ankle needing splinting.",recordable,Lumding Terminal,Controlled Substances,substance,2026-02-16,l3_synthetic,1,0
L3-0226,"Guwahati Depot loader reported fatigue and disorientation during shift, urine sample positive for narcotics, required medical supervision and removal from duty.",recordable,Guwahati Depot,Rigging/Lifting,lifting,2025-04-22,l3_synthetic,1,1
L3-0227,"Rangia refinery operator found unresponsive in control room, initial assessment suggested drug-induced sedation, woken with difficulty and treated for hypotension.",recordable,Rangia,Rigging/Lifting,lifting,2025-12-25,l3_synthetic,1,0
L3-0228,"Contractor at Jorhot Bypass Road observed handling valves while visibly impaired by alcohol, slip resulted in head bump and severe headache requiring hospital checkup.",recordable,Jorhat Bypass Road,Rigging/Lifting,lifting,2026-05-10,l3_synthetic,1,1
L3-0229,"Morning shift supervisor at Duliajan failed pre-start sobriety test, showed signs of hangover and disorientation, taken to clinic for monitoring of blood pressure.",recordable,Duliajan,Rigging/Lifting,lifting,2025-09-30,l3_synthetic,1,1
L3-0230,"Naharkatiya maintenance worker found hiding behind tank farm with empty beer cans, developed acute alcohol withdrawal symptoms requiring immediate medical intervention.",recordable,Naharkatiya,Rigging/Lifting,lifting,2026-07-14,l3_synthetic,1,0
L3-0231,"Contractor welding on 6in pipeline at Digboi without hot work PTW. Sparks hit nearby leaking valve, small fire started, hand burn to worker requiring dressing.",recordable,Digboi,Hot Work,hot_work,2025-09-09,l3_synthetic,1,1
L3-0232,"Grinding spark ignition of hydrocarbon vapour near storage tank at Duliajan. No ignition but pressure wave pushed worker back. Worker sprained ankle, treated on site and referred to hospital for X-ray.",recordable,Duliajan,Hot Work,hot_work,2025-12-05,l3_synthetic,1,0
L3-0233,"At Naharkatiya, employee using angle grinder near flange. Shield missing, flying debris struck eye. Immediate first aid failed, employee transported to Guwahati hospital for corneal abrasion treatment.",recordable,Naharkatiya,Hot Work,hot_work,2026-04-14,l3_synthetic,1,0
L3-0234,"Hot work on corroded pipe at Moran. Gas detector showed H2S spike during cutting. Worker exposed, developed nausea. Medical evaluation required, no fracture but recorded as occupational illness with treatment.",recordable,Moran,Hot Work,hot_work,2025-07-01,l3_synthetic,1,0
L3-0235,"Tank farm at Lumding Terminal. Welding on gauge hatch. Spatter melted through protective coating, caused second degree burn on contractor forearm. Causative agent was direct flame contact, treated in infirmary.",recordable,Lumding Terminal,Hot Work,hot_work,2025-11-17,l3_synthetic,1,0
L3-0236,"Guwahati Depot night shift. Grinding near diesel pump. Slip on oil spill while moving grinder, worker fell and fractured wrist. Ambulance dispatched, hospitalised for cast application.",recordable,Guwahati Depot,Hot Work,hot_work,2026-09-14,l3_synthetic,1,1
L3-0237,"At Rangia, cutting operation on low point drain. No LOTO verified. Unexpected flow of viscous oil spray contacted hot cutting torch, causing flash fire. Worker suffered thermal burn to face, required emergency medical intervention.",recordable,Rangia,Hot Work,hot_work,2025-11-20,l3_synthetic,1,0
L3-0238,"Jorhat Bypass Road pipeline repair. Contractor welding without adequate ventilation. Fumes caused acute respiratory distress. Worker vomited, given oxygen, transported to nearest clinic for observation and medication.",recordable,Jorhat Bypass Road,Hot Work,hot_work,2026-06-08,l3_synthetic,1,0
L3-0239,"Digboi unit 4. Grinding near open drum. Debris ejected, hit helmet and shoulder. Worker complained of deep laceration to deltoid muscle. Suturing required at site medical centre.",recordable,Digboi,Hot Work,hot_work,2026-05-08,l3_synthetic,1,0
L3-0240,"Duliajan terminal. Hot work on flange bolt. Hydraulic leak under pressure caused scalding injury to leg. Skin peeled, treated with sterile dressings, recorded as severity 2 injury.",recordable,Moran,Hot Work,hot_work,2025-12-26,l3_synthetic,1,1
L3-0241,"While cutting flange bolts on line 301, residual pressure caused steam jet injury to hand. Employee received first aid and referred to site hospital for treatment.",recordable,Duliajan,LOTO/Energy Isolation,energy_isolation,2026-05-27,l3_synthetic,1,1
L3-0242,Contractor failed to isolate hydraulic accumulator before removing cover. Residual pressure ejected pin causing laceration to forearm. Medical attention required on site.,recordable,Digboi,LOTO/Energy Isolation,energy_isolation,2026-06-05,l3_synthetic,1,1
L3-0243,"During maintenance of compressor, trapped spring energy released upon disassembly. Employee sustained abrasions to leg from falling valve plate. Treated at clinic.",recordable,Naharkatiya,LOTO/Energy Isolation,energy_isolation,2026-04-16,l3_synthetic,1,1
L3-0244,Unisolated static electricity discharge from drum during pumping operation. Spark caused minor burn to operator's palm. No further injury reported.,recordable,Moran,LOTO/Energy Isolation,energy_isolation,2025-12-18,l3_synthetic,1,1
L3-0245,PTW issued without verifying zero energy state on pump. Mechanical seal blowout sprayed hot lube oil on technician. Heat burn treatment at site medical center.,recordable,Lumding Terminal,LOTO/Energy Isolation,energy_isolation,2025-12-08,l3_synthetic,1,1
L3-0246,"Residual gas pressure in pipeline section caused valve handle to spin violently. Employee struck face by handle, nosebleed and soft tissue injury. Ambulance called for assessment.",recordable,Guwahati Depot,Working at Height,height,2026-02-19,l3_synthetic,1,1
L3-0247,"LOTO tag removed prematurely by another crew while capacitor bank de-energizing. Stored charge caused electric shock to worker, muscle cramps and dizziness. Admitted to local hospital for observation.",recordable,Rangia,Working at Height,height,2025-10-06,l3_synthetic,1,1
L3-0248,High-pressure water pipe burst during flushing due to unisolated source. Jet impact caused deep cut on thigh of contractor. Surgical stitching performed at nearby hospital.,recordable,Jorhat Bypass Road,Working at Height,height,2026-02-26,l3_synthetic,1,1
L3-0249,"Spring-loaded safety valve lifted unexpectedly during test, scalding steam contacted face. Minor blistering and eye irritation reported. Medical check-up completed on site.",recordable,Duliajan,Working at Height,height,2025-12-26,l3_synthetic,1,1
L3-0250,Residual pressure in small bore line released abrasive particles upon opening. Worker suffered corneal scratch in one eye. Treated with eye drops and monitored.,recordable,Digboi,Working at Height,height,2025-04-23,l3_synthetic,1,0
L3-0251,"Grinding sparks ignited flash vapour at Digboi tank farm, worker on night shift got 2nd degree burns on forearms treated at local clinic. Gas detector alarm triggered late due to faulty sensor calibration.",recordable,Digboi,Hot Work,hot_work,2025-05-10,l3_synthetic,1,1
L3-0252,"Welding on pig launcher at Duliajan without proper LOTO, pressure leak caused face shield to blow off hitting eye causing corneal abrasion. PTW was valid but isolation points were not tagged correctly.",recordable,Duliajan,Vessel/Tank Entry,confined_space,2026-01-08,l3_synthetic,1,1
L3-0253,"Cutting flange near active line at Rangia, sudden jet fire singed eyebrows and back of neck. Fire extinguisher deployed by stand-by team but worker reported stinging pain requiring ointment.",recordable,Rangia,Vessel/Tank Entry,confined_space,2026-08-01,l3_synthetic,1,0
L3-0254,"Employee at Lumding Terminal slipped on oil spill near hot work zone, fell on knee while holding welding lead, laceration stitched with minimal bleeding. No HSE supervision present during shift change.",recordable,Lumding Terminal,Vessel/Tank Entry,confined_space,2026-06-20,l3_synthetic,1,0
L3-0255,"Grinding sparks landed in open drain at Guwahati Depot, causing minor steam burn on hand of nearby helper. Ventilation was poor inside the shed and no fire watch was assigned.",recordable,Guwahati Depot,Vessel/Tank Entry,confined_space,2025-07-16,l3_synthetic,1,0
L3-0256,"Contractor at Naharkatiya using angle grinder on pipeline support, shield missing, flying metal chunk hit temple causing deep cut needing 4 sutures. Toolbox talk not recorded for the day.",recordable,Naharkatiya,Vessel/Tank Entry,confined_space,2025-12-13,l3_synthetic,1,0
L3-0257,"Welding insulation joint at Moran field, gas leak from faulty regulator caused dizziness and chemical irritation to eyes. First aid kit applied but referred to field clinic for eye wash.",recordable,Moran,Vessel/Tank Entry,confined_space,2026-08-08,l3_synthetic,1,0
L3-0258,"Hot work permit exceeded time limit at Jorhat Bypass Road pipeline, smoke from drying paint ignited near grinding area, worker inhaled fumes and had mild respiratory distress. Ambient temperature was high at 14:00 hrs.",recordable,Jorhat Bypass Road,Vessel/Tank Entry,confined_space,2026-09-19,l3_synthetic,1,0
L3-0259,"Sparks from oxy-acetylene cutter at Digboi refinery area landed on spilled hydraulic oil, small flash back grazed cheek of operator. Emergency shower available but not used immediately due to hesitation.",recordable,Digboi,Vessel/Tank Entry,confined_space,2025-10-16,l3_synthetic,1,0
L3-0260,"Electrode welding on vessel bottom at Duliajan, arc flash blinded left eye temporarily causing headache and sensitivity. No full face shield worn, only safety glasses, violating PPE requirements.",recordable,Duliajan,Vessel/Tank Entry,confined_space,2026-05-12,l3_synthetic,1,0
L3-0261,"Grinding on flange at pump station, PTW valid but no gas detection before start. Sudden hiss of gas, operator stopped work immediately. Near miss, no injury.",near_miss,Duliajan,Hot Work,hot_work,2026-09-13,l3_synthetic,1,0
L3-0262,"Welding near idle pipeline, H2S detector beeping intermittently. Crew held position for clearance, no ignition occurred. Close call.",near_miss,Digboi,Hot Work,hot_work,2026-05-31,l3_synthetic,1,0
L3-0263,"Cutting tank nozzle, sparks flew into drainage ditch. No hydrocarbon smell detected but fire risk high. Work halted, area swept.",near_miss,Naharkatiya,Hot Work,hot_work,2026-07-07,l3_synthetic,1,0
L3-0264,"Hot work permit issued for vessel inspection. Contractor found residual sludge during pre-work scan. Job halted, HSE notified. Potential explosion averted.",near_miss,Moran,Hot Work,hot_work,2026-04-23,l3_synthetic,1,0
L3-0265,"Grinding on railing, sparks landed on nearby oil seal. No ignition but operator shocked. LOTO verified again. Near miss reported.",near_miss,Lumding Terminal,Hot Work,hot_work,2026-08-17,l3_synthetic,1,0
L3-0266,"Welding on pipeline support brick in heat. Fumes choked worker, he stepped back. No injury but visibility poor. SIF could have resulted if fumes inhaled longer.",near_miss,Guwahati Depot,Hot Work,hot_work,2025-09-09,l3_synthetic,1,0
L3-0267,"Cutting valve body, unexpected pressure relief valve opened. No discharge of liquid but steam jet close to face. Immediate evacuation of zone.",near_miss,Rangia,Hot Work,hot_work,2026-04-24,l3_synthetic,1,0
L3-0268,"Welding on storage tank shell, ground clamp loose. Arc struck nearby pipe. No burn or fire but damaged coating. Corrective action taken.",near_miss,Jorhat Bypass Road,Hot Work,hot_work,2025-07-09,l3_synthetic,1,0
L3-0269,"hot work job at Lumding Terminal: unexpected sparks near open hydrocarbon line noticed by the crew; immediate stand-down, no injuries reported.",near_miss,Lumding Terminal,Hot Work,hot_work,2026-05-15,l3_synthetic,1,1
L3-0270,"hot work job at Naharkatiya: unexpected sparks near open hydrocarbon line noticed by the crew; immediate stand-down, no injuries reported.",near_miss,Naharkatiya,Hot Work,hot_work,2026-08-11,l3_synthetic,1,0
L3-0271,"Contractor suffered a chemical burn to the forearm while entering the rusted sump at Digboi; PTW was valid but H2S detector had flat battery. Worker rushed to hospital for debridement, classified as recordable.",recordable,Digboi,Vessel/Tank Entry,confined_space,2025-11-11,l3_synthetic,1,0
L3-0272,"During night shift cleanout at Lumding Terminal, an employee slipped on oily sludge inside the tank and fractured a finger on the manhole rim. Supervisor applied first aid but worker insist on X-ray at local clinic.",recordable,Lumding Terminal,Vessel/Tank Entry,confined_space,2025-09-14,l3_synthetic,1,1
L3-0273,"At Naharkatiya, a labourer got a severe laceration from a corroded steel flange edge while crawling into the vessel. Bleeding stopped with pressure bandage but required stitches at camp infirmary.",recordable,Naharkatiya,Vessel/Tank Entry,confined_space,2026-08-13,l3_synthetic,1,1
L3-0274,"Entry into sump at Moran delayed due to low oxygen alert; once cleared, contractor tripped over a flexible hose and sprained ankle. Medical report confirms ligament strain, treated with ice and elevation.",recordable,Moran,Vessel/Tank Entry,confined_space,2025-09-21,l3_synthetic,1,0
L3-0275,Employee cut palm on a sharp bolt head inside the dead storage tank at Duliajan. Wound was cauterised and dressed on-site; worker returned to light duties next day after assessment.,recordable,Duliajan,Vessel/Tank Entry,confined_space,2026-02-19,l3_synthetic,1,0
L3-0276,"During inspection of manhole at Guwahati Depot, a wrench slipped and struck a worker's wrist causing a small open wound. Tetanus shot administered, no hospitalisation needed but logged as recordable.",recordable,Guwahati Depot,Vessel/Tank Entry,confined_space,2026-01-10,l3_synthetic,1,0
L3-0277,"Heat stress induced dizziness forced a worker to bail out of the hot oil tank at Rangia. Blood pressure checked, given oral rehydration; no fracture or injury but treated as recordable due to on-site medical intervention.",recordable,Rangia,Vessel/Tank Entry,confined_space,2026-06-09,l3_synthetic,1,0
L3-0278,"Contractor stepped on a protruding nail inside the empty sump at Jorhat Bypass Road, causing a puncture wound to the sole. Wound irrigated and bandaged; worker off work for two days pending healing.",recordable,Jorhat Bypass Road,Vessel/Tank Entry,confined_space,2025-09-25,l3_synthetic,1,0
L3-0279,"While removing a blind flange at Naharkatiya, a sharp edge grazed the worker's calf. Minor hydrocarbon splash also noted. Received antibiotic prophylaxis and dressing change at medical bay.",recordable,Naharkatiya,Vessel/Tank Entry,confined_space,2025-08-02,l3_synthetic,1,1
L3-0280,"Worker at Digboi hit his head against the internal ladder rung while exiting the tank, resulting in a scalp laceration. No loss of consciousness, but required suturing at nearby hospital.",recordable,Digboi,Vessel/Tank Entry,confined_space,2026-04-17,l3_synthetic,1,0
L3-0281,"PTW valid but LOTO not applied on crane hook block during maintenance at dusk. 2 ton load shifted due to wind gust, swinging directly over lead scaffolder who was welding. H2S alarm triggered nearby but no gas release. Worker cleared area immediately, no injury but potential for crushing.",psif,Digboi,Lifting/Suspended Load,dropped_object,2026-01-23,l3_synthetic,1,0
L3-0282,"Forklift operator at Lumding Terminal lifted 500kg pump unit without spotter. Chain failed mid-lift, unit dropped from 2m height onto empty yard. Debris scattered 10m. If operator had been in drop zone, fatal impact likely. Site shut down for inspection.",psif,Lumding Terminal,Permit to Work,ptw_violation,2026-04-09,l3_synthetic,1,0
L3-0283,"Contractor crew installing cable tray at Naharkatiya. Anchor bolt sheared off during tensioning, 15kg bracket fell from 12m. Missed lead man by 1 meter, struck hard hat on ground. Witness saw bolt spinning down. No injury but high-energy object release near personnel.",psif,Naharkatiya,Permit to Work,ptw_violation,2026-03-25,l3_synthetic,1,0
L3-0284,"Crane luffing up at Duliajan site, counterweight bracket loosened. During lift of 8ft pipe, bracket detached and fell onto mud mat. Operator aware of shifting load, stopped operation. If bracket had hit head or torso, fatal. No one hurt but safeguard failure evident.",psif,Duliajan,Permit to Work,ptw_violation,2025-07-27,l3_synthetic,1,1
L3-0285,"Scaffold platform at Moran P&G shook violently during material hoist. TBT not tightened on base supports before lift. Platform tilted 15 degrees, workers on top held on. 200kg load suspended 3m above. No fall occurred but imminent risk of collapse onto workers below.",psif,Moran,Permit to Work,ptw_violation,2026-08-28,l3_synthetic,1,1
L3-0286,"Guwahati Depot shift change overlap, crane hook left suspended with 100kg valve assembly. Wind picked up, load rotated and struck adjacent tanker truck roof. Truck driver heard bang, checked roof. If worker had walked under, fatal crush injury possible. No injuries reported.",psif,Guwahati Depot,Permit to Work,ptw_violation,2026-03-23,l3_synthetic,1,1
L3-0287,"Rangia refinery yard, mobile crane outrigger sank into soft soil during lift. Boom dipped, 300kg skid package lowered rapidly but controlled. Operator aborted lift. If outrigger fully failed, boom could have struck ground crew. No one in exclusion zone but boundary not maintained.",psif,Rangia,Permit to Work,ptw_violation,2025-10-17,l3_synthetic,1,0
L3-0288,"Jorhat Bypass Road pipeline trench, scaffolding tower leaned over edge. Wind gust during monsoon season caused tower to shift 30cm. Worker on level 2 clutching guardrail. Load of pipes stored on ground level below tower. If tower fell, pipes would have collapsed onto workers. No injury but critical instability.",psif,Jorhat Bypass Road,Permit to Work,ptw_violation,2025-07-28,l3_synthetic,1,1
L3-0289,"Digboi station, temporary derrick used for lifting condenser. Rope slipped on winch drum, 1.5 ton load dropped 4m. Dust cloud obscured view. Two mechanics ran back 5m. If they had been standing under load, fatal. No immediate injury but near miss with high energy release.",psif,Digboi,Permit to Work,ptw_violation,2026-01-11,l3_synthetic,1,1
L3-0290,"Naharkatiya compressor unit, spare cylinder hoisted without rigger present. Slings snapped, cylinder hit concrete skid and rolled. Struck safety line near electrical panel. Operator near panel startled. If line had energized, electrocution and crush risk. No injury but multi-hazard scenario.",psif,Naharkatiya,Permit to Work,ptw_violation,2025-12-23,l3_synthetic,1,0
L3-0291,"Scaffold planking slipped during shift change at 0600 hrs, contractor fell 2 meters to lower deck, caught by safety harness, no injury reported, PTW valid, wind strong.",near_miss,Duliajan,Working at Height,height,2026-04-12,l3_synthetic,1,0
L3-0292,"Ladder slipped on wet platform surface, operator slid down 3 meters, feet braked by railing, no slip, H2S alarm silent, rain intensity moderate.",near_miss,Digboi,Working at Height,height,2026-06-04,l3_synthetic,1,0
L3-0293,"Roof access hatch missing cover, maintenance crew stepped into opening, caught by trolley wire, near fall hazard, no injury, housekeeping lapse found.",near_miss,Naharkatiya,Working at Height,height,2025-08-27,l3_synthetic,1,0
L3-0294,"Temporary scaffold leg buckled under load, platform tilted 45 degrees, worker inside LOTO zone, no fall due to tight space, no injury, PTW renewed yesterday.",near_miss,Moran,Working at Height,height,2026-08-14,l3_synthetic,1,1
L3-0295,"Lumding terminal truck loading rack, driver leaned over railing to check gauge, lost balance, grabbed pipe, no injury, no warning sign present.",near_miss,Lumding Terminal,Working at Height,height,2025-05-29,l3_synthetic,1,0
L3-0296,"Contractor used defective step ladder, rung broke, 1.5 meter drop to ground, broken ankle suspected but no first aid required, left site immediately.",near_miss,Guwahati Depot,Working at Height,height,2026-02-07,l3_synthetic,1,1
L3-0297,"Night shift, lighting poor on Rangia pipeline corridor, worker tripped on uneven ground near valve, fell 1 meter, no impact, no injury, visibility issue noted.",near_miss,Rangia,Working at Height,height,2026-03-02,l3_synthetic,1,1
L3-0298,"Jorhat Bypass road junction, worker on traffic island ladder, vehicle struck base, ladder shifted, worker held on, no fall, no injury, escort absent.",near_miss,Jorhat Bypass Road,Working at Height,height,2025-06-08,l3_synthetic,1,0
L3-0299,"Duliajan flare stack maintenance, tool dropped from 10 meters, hit platform edge, no one below, near miss for lower crew, tool contained, no injury.",near_miss,Duliajan,Working at Height,height,2025-09-29,l3_synthetic,1,1
L3-0300,"Naharkatiya tank roof inspection, guardrail gate left open, inspector stepped back, almost fell, caught by supervisor, no injury, PTW expired, work stopped.",near_miss,Naharkatiya,Working at Height,height,2025-11-14,l3_synthetic,1,1
L3-0301,"Contractor found working on pump seal without valid PTW, gas test paper expired 2 hrs prior. Spilled lubricant caused slip, cut on forearm required sutures.",recordable,Duliajan,Permit to Work,ptw_violation,2026-02-01,l3_synthetic,1,1
L3-0302,"Expired hot work permit used for welding on pipeline. Minor flash burn on hand, treated by site medic. No fire escalation.",recordable,Digboi,Permit to Work,ptw_violation,2026-02-06,l3_synthetic,1,1
L3-0303,"Skipped gas testing before entering confined space in digester tank. Worker felt dizzy, removed by lift line. Treated for mild headache and nausea.",recordable,Naharkatiya,Permit to Work,ptw_violation,2026-08-29,l3_synthetic,1,0
L3-0304,"Forged LOTO tag discovered during audit. Worker was unscrewing valve when noticed. Small abrasion on finger from tool, cleaned and bandaged.",recordable,Moran,Permit to Work,ptw_violation,2026-03-09,l3_synthetic,1,1
L3-0305,"PTW lapsed during shift change, work continued for 20 mins. Loose bolt fell, grazed ankle of supervisor. Required dressing and tetanus booster.",recordable,Lumding Terminal,Permit to Work,ptw_violation,2025-08-10,l3_synthetic,1,0
L3-0306,Missing permit for scaffolding erection at height. Slight twist of ankle on uneven ground. X-ray clear but treated with ice and compression.,recordable,Guwahati Depot,Permit to Work,ptw_violation,2025-10-21,l3_synthetic,1,1
L3-0307,"Gas test result not recorded in permit log. H2S alarm chirped, worker stepped back from drum. Minor chemical irritation to eyes, rinsed with water.",recordable,Rangia,Permit to Work,ptw_violation,2025-12-11,l3_synthetic,1,0
L3-0308,Working without PTW on electrical panel. Arc flash caused minor burn on forearm. Treated with burn cream and observation. No cardiac issues.,recordable,Jorhat Bypass Road,Permit to Work,ptw_violation,2026-07-13,l3_synthetic,1,0
L3-0309,"Expired permit for confined space entry in separator. Worker tripped on ladder, bruised hip and shoulder. Assessed in ambulance, no fracture.",recordable,Duliajan,Permit to Work,ptw_violation,2025-12-11,l3_synthetic,1,0
L3-0310,"No gas test performed before hot work near flare tip. Spark ignited minor leak, worker pulled away. Small singe burn on sleeve, minor pain.",recordable,Digboi,Permit to Work,ptw_violation,2025-09-28,l3_synthetic,1,0
L3-0311,"Contractor trolley driver reversing on lease road at Naharkatiya near pump station, failed to spot pipeline marker, struck worker's shin with tire. Worker reported severe pain later, sent to hospital for X-ray, no fracture but deep bruising and swelling. PTW active but spotter was absent during initial backing maneuver.",recordable,Naharkatiya,Vehicle Movement,driving,2025-04-19,l3_synthetic,1,0
L3-0312,"Employee in 4x4 driving fast on Digboi lease road during monsoon downpour, vehicle lost traction and clipped a watchman who was standing by fence. Watchman fell, injured ankle, required immediate medical attention. Speed was high despite wet surface warnings, no LOTO involved as vehicle was in motion.",recordable,Digboi,Vehicle Movement,driving,2025-08-09,l3_synthetic,1,0
L3-0313,"TBT truck attempting reversal on narrow track at Duliajan production unit, rammed into a low hanging branch which fell on operator's head. Operator sustained scalp laceration requiring suturing. Reversing alarm was working but visibility was poor due to late evening shift and rain.",recordable,Duliajan,Vehicle Movement,driving,2025-10-18,l3_synthetic,1,0
L3-0314,"Hydrant crew vehicle at Rangia depot moving over speed bump too fast, a tool bag shifted and struck the driver's arm. Driver complained of wrist pain, sent to clinic, diagnosed with soft tissue injury. Vehicle was owned by contractor, driver was fatigued after 14-hour shift.",recordable,Rangia,Vehicle Movement,driving,2026-08-25,l3_synthetic,1,0
L3-0315,"Cow wandered onto Jorhat Bypass road near site entry, patrol jeep braked hard, passenger slumped forward hitting dashboard. Passenger required medical check for chest pain, no fracture but significant bruising. No PTW needed for road patrol, but speed limit was exceeded.",recordable,Jorhat Bypass Road,Vehicle Movement,driving,2026-05-27,l3_synthetic,1,1
L3-0316,"Mud truck driver at Moran field reversing near rig pad, tire crushed section of air hose, sudden recoil hit worker's leg. Worker suffered crush injury to lower leg, treated on-site and monitored. Driver was looking at phone while reversing, SIF not triggered but potential was high.",recordable,Moran,LOTO/Energy Isolation,energy_isolation,2025-12-29,l3_synthetic,1,0
L3-0317,"Employee in company car overspeeding on Lumding Terminal access road, lost control on oil spill, car skidded into bollard. Driver sustained minor head bump and neck strain, hospitalized for observation. Guard was present but did not stop the vehicle earlier.",recordable,Lumding Terminal,LOTO/Energy Isolation,energy_isolation,2026-03-24,l3_synthetic,1,0
L3-0318,"Contractor dumper truck at Guwahati Depot driving on employee walkway during night shift, struck a stumbling employee. Employee fell, fractured elbow, immediate ambulance called. Driver was fatigued, PTW for material movement expired but vehicle still on site.",recordable,Guwahati Depot,LOTO/Energy Isolation,energy_isolation,2025-12-25,l3_synthetic,1,0
L3-0319,"Small utility vehicle at Duliajan reversing into laydown area, struck a stack of pipe sections. One pipe rolled off, hitting maintenance worker in the calf. Worker required medical treatment for laceration and abrasions. Worker was not wearing safety boots compliant with ISO standards.",recordable,Duliajan,LOTO/Energy Isolation,energy_isolation,2026-08-14,l3_synthetic,1,0
L3-0320,"Jeep driver at Digboi main gate reversing without spotter, hit the ankle of a security guard who was directing traffic. Guard injured ankle badly, transported to hospital. Driver was a permanent employee, visibility was low due to smoke from nearby generator.",recordable,Digboi,LOTO/Energy Isolation,energy_isolation,2026-06-03,l3_synthetic,1,0
L3-0321,"Worker felt sudden dizziness and mild headache after entering sump without fresh air supply, exited voluntarily and received medical observation at site clinic.",recordable,Digboi,Vessel/Tank Entry,confined_space,2025-07-05,l3_synthetic,1,0
L3-0322,"Contractor cut his forearm on sharp edge of manhole cover while descending into tank, wound cleaned and bandaged by first aid team but required professional suturing at hospital.",recordable,Duliajan,Vessel/Tank Entry,confined_space,2025-10-04,l3_synthetic,1,0
L3-0323,"Employee slipped on wet surface inside empty storage tank and fractured left wrist during climb down ladder, PTW was valid but grounding strip not installed properly.",recordable,Naharkatiya,Line Break,line_break,2025-11-05,l3_synthetic,1,1
L3-0324,"Gas detector alarm triggered inside vessel during entry inspection, one worker experienced mild chest pain and nausea, taken to local hospital for checkup and discharged after 4 hours.",recordable,Moran,Line Break,line_break,2025-07-03,l3_synthetic,1,0
L3-0325,"Bystander near manhole sustained minor laceration on hand when worker dropped entry inspection tool, injury treated with first aid only but logged as recordable due to broken skin depth.",recordable,Lumding Terminal,Line Break,line_break,2025-04-17,l3_synthetic,1,1
L3-0326,"Worker tripped over unsecured hose inside tank and sprained ankle, required ice pack and immobilization, PTW held but tagging on blind flange was incomplete.",recordable,Guwahati Depot,Line Break,line_break,2026-05-27,l3_synthetic,1,0
L3-0327,"Contractor inhaling residual vapors inside sump leading to eye irritation and vomiting, removed from confined space immediately and treated at field medical unit.",recordable,Rangia,Line Break,line_break,2025-08-24,l3_synthetic,1,1
L3-0328,"Employee hit head on low-hanging pipe inside tank during vigorous cleaning, sustained concussion and minor scalp abrasion, transported to city hospital for MRI and observation.",recordable,Jorhat Bypass Road,Line Break,line_break,2026-03-12,l3_synthetic,1,0
L3-0329,"Worker suffered thermal burn on face from leaking steam trap near tank entry point, skin blistered and treated with burn cream, required follow-up at specialist clinic.",recordable,Digboi,Line Break,line_break,2026-01-05,l3_synthetic,1,1
L3-0330,"Misjudged ladder rung inside vessel causing knee injury and torn ligament, worker assisted out of tank and ambulatory but required surgical consultation for possible repair.",recordable,Duliajan,Line Break,line_break,2026-08-08,l3_synthetic,1,0
L3-0331,"During pipe run at Digboi, load swing due to high wind caused near miss with derrick leg, tag line held but no contact.",near_miss,Digboi,Rigging/Lifting,lifting,2025-07-03,l3_synthetic,1,1
L3-0332,"Naharkatiya: Sling failed on flyaway load at dusk, debris landed 2 meters from worker, no injury reported, PTW valid.",near_miss,Naharkatiya,Rigging/Lifting,lifting,2026-09-21,l3_synthetic,1,1
L3-0333,"Crane at Lumding Terminal lifted tank valve without tag line, load rotated unexpectedly near walkway, worker stepped back just in time.",near_miss,Lumding Terminal,Rigging/Lifting,lifting,2025-04-08,l3_synthetic,1,0
L3-0334,"Guwahati Depot: Shackle pin slippage during hose loading, pin dropped near truck driver, no hit, vehicle stopped safely.",near_miss,Guwahati Depot,Rigging/Lifting,lifting,2026-03-05,l3_synthetic,1,0
L3-0335,"Rangia: Overturned wellhead tong during lift, load dropped 3 ft from trestle, no one in suspended load zone, near miss.",near_miss,Rangia,Rigging/Lifting,lifting,2025-09-15,l3_synthetic,1,1
L3-0336,"Duliajan: Wire rope parting on 5-ton load, load swung into wind direction away from crew, no contact, rig up delayed.",near_miss,Duliajan,Rigging/Lifting,lifting,2025-07-08,l3_synthetic,1,1
L3-0337,"Jorhat Bypass Road: Truck crane operator failed to use tag line on tank assembly, load snagged on tree branch, no collision, near miss.",near_miss,Jorhat Bypass Road,Rigging/Lifting,lifting,2026-07-13,l3_synthetic,1,0
L3-0338,"Moran: Hydraulic hose burst on crane arm, fluid jet near operator face, no injury, system isolated immediately, near miss.",near_miss,Moran,Rigging/Lifting,lifting,2025-10-19,l3_synthetic,1,0
L3-0339,"Digboi: Crane outrigger settlement on soft ground, load dipped 1 meter, worker below moved clear, no strike, near miss.",near_miss,Digboi,Rigging/Lifting,lifting,2025-11-05,l3_synthetic,1,0
L3-0340,"Naharkatiya: Rigging material worn, shackle twisted under load, load drifted towards flare stack, no fire, no injury, near miss.",near_miss,Naharkatiya,Rigging/Lifting,lifting,2026-05-18,l3_synthetic,1,0
L3-0341,"Contractor ladder shifted while cutting pipe above 4m, worker slipped and landed on scaffolding planks, sustained ankle sprain requiring medical attention.",recordable,Duliajan,Working at Height,height,2025-11-19,l3_synthetic,1,0
L3-0342,"Employee removed lifeline lanyard to tie boot, lost balance on walkway during PTW check, caught by safety net but injured wrist.",recordable,Digboi,Working at Height,height,2025-04-21,l3_synthetic,1,0
L3-0343,"Scaffold board snapped under foot during rain at night, worker fell 3m onto pipe rack, dislocated shoulder needing reduction at hospital.",recordable,Naharkatiya,Working at Height,height,2025-11-10,l3_synthetic,1,1
L3-0344,"Ladder not secured to structure, worker climbed without harness, lost grip on rung and rolled off, bruised ribs and minor lacerations.",recordable,Moran,Working at Height,height,2025-07-31,l3_synthetic,1,0
L3-0345,"Worker slipped on wet roof while inspecting flashlights, fell 2.5m onto gravel, fractured coccyx requiring medical treatment.",recordable,Lumding Terminal,Working at Height,height,2025-10-23,l3_synthetic,1,0
L3-0346,"Employee kicked loose bolt while standing on platform edge, lost footing, fell 1.5m onto concrete, head contusion and neck strain.",recordable,Guwahati Depot,Working at Height,height,2025-08-06,l3_synthetic,1,1
L3-0347,"Contractor scaffold missing toe boards, worker stepped on loose plank, slid off edge, injured foot and lower back from impact.",recordable,Rangia,Working at Height,height,2025-11-24,l3_synthetic,1,1
L3-0348,"Worker climbed on outside of scaffold frame without authorization, slipped on muddy ground below, fractured fibula after fall.",recordable,Jorhat Bypass Road,Working at Height,height,2026-05-15,l3_synthetic,1,1
L3-0349,"Ladder placed on uneven ground near H2S area, worker leaned to tighten valve, ladder tilted, fell 2m, sustained knee ligament damage.",recordable,Duliajan,Working at Height,height,2026-03-10,l3_synthetic,1,0
L3-0350,"Employee failed to tie off to anchor point while cleaning platform, slipped on oil spill, fell 3m, severe bruising to hip and back.",recordable,Digboi,Working at Height,height,2025-07-19,l3_synthetic,1,1
L3-0351,"Contractor entered 80ft flare stack without valid PTW, oxygen level not confirmed. Slipped on rung, lacerated forearm, treated at site clinic.",recordable,Duliajan,Permit to Work,ptw_violation,2025-08-30,l3_synthetic,1,0
L3-0352,"Expired H2S PTW used for blowdown line replacement. Sudden release caught worker in face, chemical burn to eyes and hands. Evacuated to hospital.",recordable,Digboi,Permit to Work,ptw_violation,2026-03-28,l3_synthetic,1,1
L3-0353,"Forged PTW found during audit for hot work near gas separator. Worker cut by falling pipe while unpermitted, minor fracture to wrist. X-ray confirmed.",recordable,Naharkatiya,Permit to Work,ptw_violation,2025-11-18,l3_synthetic,1,0
L3-0354,"No gas test done before entering pump house. Worker ignited atmosphere with grinder, flash fire singed eyebrows and face. First aid insufficient, medic took over.",recordable,Moran,Permit to Work,ptw_violation,2025-08-03,l3_synthetic,1,1
L3-0355,"PTW expired during night shift at loading bay. Pump failed, spilled fuel. Worker slipped, twisted ankle severely. Required splint and transport.",recordable,Lumding Terminal,Permit to Work,ptw_violation,2026-09-22,l3_synthetic,1,0
L3-0356,"Hot work PTW missing scope for confined space. Worker fell 10ft, landed on feet. Sprained ankle, pain unmanageable with first aid. Doctor advised rest.",recordable,Guwahati Depot,Rigging/Lifting,lifting,2025-11-15,l3_synthetic,1,0
L3-0357,"LOTO not applied per PTW, valve moved unexpectedly. Hose whipped, struck shoulder, bruised ribs. Pain limited movement, sent for checkup.",recordable,Rangia,Rigging/Lifting,lifting,2025-12-03,l3_synthetic,1,0
L3-0358,"Verbal authorization instead of written PTW for line break. Steam leak flashed, scalded face and neck. Redness and blistering, beyond first aid scope.",recordable,Jorhat Bypass Road,Rigging/Lifting,lifting,2026-02-19,l3_synthetic,1,0
L3-0359,"PTW signed but gas test results blank. H2S detector beeped, worker rushed out, twisted knee on exit. Swollen joint, unable to bear weight. Hospital visit.",recordable,Duliajan,Rigging/Lifting,lifting,2025-07-09,l3_synthetic,1,0
L3-0360,"Contractor bypassed permit requirement for electrical work. Arc flash occurred, minor burns to forearms. Skin peeled, infection risk high. Medical treatment started.",recordable,Digboi,Rigging/Lifting,lifting,2025-10-28,l3_synthetic,1,1
L3-0361,"Welding on 6"" line without proper PTW, flash fire engulfed operator, gas cloud dispersed before explosion. Operator escaped with minor burns but high energy release noted.",psif,Duliajan,Hot Work,hot_work,2025-06-03,l3_synthetic,1,1
L3-0362,"Cutting on storage tank roof, grinder slipped into tank. Tank was not fully degassed and purged. Spark ignited vapours. Worker fell but caught on edge. Potential fatality if tank blew.",psif,Digboi,Hot Work,hot_work,2025-06-27,l3_synthetic,1,1
L3-0363,Grinding near open hydrocarbon spill. Flame jet reached 3 meters towards onlookers. No LOTO on adjacent line. Incident stopped when valve manually closed. No injury but high risk of fireball.,psif,Naharkatiya,Hot Work,hot_work,2025-06-27,l3_synthetic,1,1
L3-0364,"Welding on active pipeline, H2S alarm triggered. Worker exposed to high concentration. Unplanned release could have caused asphyxiation or poisoning. Evacuation delayed due to communication gap.",psif,Moran,Hot Work,hot_work,2026-02-16,l3_synthetic,1,1
L3-0365,"Oxy-acetylene cutting on thin gauge vessel. Vessel buckled and released pressurised fluid. Jet fire directed at platform edge. Worker startled, no burn but high likelihood of engulfment if longer duration.",psif,Lumding Terminal,Vessel/Tank Entry,confined_space,2025-04-17,l3_synthetic,1,0
L3-0366,Grinding sparks ignited flammable atmosphere inside tank. Flash fire pushed worker against wall. Worker survived due to PPE but potential for severe thermal injury was imminent. Ventilation inadequate.,psif,Guwahati Depot,Vessel/Tank Entry,confined_space,2025-05-26,l3_synthetic,1,0
L3-0367,"Hot work on pump casing, seal failed. Hydrocarbon spray contacted arc. Immediate ignition. Blasting wave pushed worker over. No fracture recorded but force sufficient to cause amputation or crush injury.",psif,Rangia,Vessel/Tank Entry,confined_space,2026-04-02,l3_synthetic,1,0
L3-0368,"Welding on pipeline support, H2S detection alarm not functional. Worker stood downwind of leak. Potential for rapid unconsciousness and death. Area evacuated only after visual confirmation of leak.",psif,Jorhat Bypass Road,Vessel/Tank Entry,confined_space,2026-06-28,l3_synthetic,1,0
L3-0369,"Cutting on tank bottom, water hammer effect caused structural failure. Tank collapsed partially. Worker was 2 meters away. Debris shower and potential crush injury avoided only by chance.",psif,Duliajan,Vessel/Tank Entry,confined_space,2025-12-06,l3_synthetic,1,1
L3-0370,"Grinding on flare header, hot work permit expired. Flash fire at nozzle. Worker in immediate vicinity. High energy flame front could have caused fatal burns. SIF not engaged due to valve stuck.",psif,Digboi,Vessel/Tank Entry,confined_space,2025-04-13,l3_synthetic,1,0
L3-0371,"While lifting the air cooler bundle, the load swung towards the rigging crew due to strong crosswind, stopping just inches from the rigger's face.",near_miss,Duliajan,Rigging/Lifting,lifting,2025-10-14,l3_synthetic,1,0
L3-0372,"A single leg of the chain sling snapped during the lift of a pump skid, causing the load to drop 2 meters onto empty ground; no personnel were in the exclusion zone.",near_miss,Digboi,Rigging/Lifting,lifting,2026-06-19,l3_synthetic,1,0
L3-0373,"The crane operator failed to use tag line for a steel pipe load, resulting in uncontrolled rotation that missed the standby worker by a marginal distance.",near_miss,Naharkatiya,Vehicle Movement,driving,2026-01-25,l3_synthetic,1,0
L3-0374,"During night shift operations, a shackle pin dislodged from the hook block, and the load of 500kg valves fell onto the hardstand; near miss as area was cordoned off.",near_miss,Moran,Vehicle Movement,driving,2025-11-09,l3_synthetic,1,1
L3-0375,"Load suspended over the truck bed shifted suddenly, nearly pinning the tailgate operator against the vehicle structure before being secured.",near_miss,Lumding Terminal,Vehicle Movement,driving,2026-02-04,l3_synthetic,1,1
L3-0376,"Overlooked LOTO procedure resulted in unexpected movement of the conveyor belt while a forklift was lifting a spare part, causing the operator to jump back just in time.",near_miss,Guwahati Depot,Vehicle Movement,driving,2026-03-03,l3_synthetic,1,0
L3-0377,"The spreader bar hung horizontally during a vertical lift, causing the load to wobble dangerously, but it was stopped before contacting the pipeline rack.",near_miss,Rangia,Vehicle Movement,driving,2026-04-25,l3_synthetic,1,0
L3-0378,"A loose crate on top of a pallet shifted during transport, nearly hitting the driver's cab during a sharp turn on the access road.",near_miss,Jorhat Bypass Road,Vehicle Movement,driving,2026-08-28,l3_synthetic,1,0
L3-0379,"Crane boom descended unexpectedly while lowering a transformer, dropping it onto the transformer pad inches from the electrician's feet.",near_miss,Duliajan,Vehicle Movement,driving,2026-08-06,l3_synthetic,1,0
L3-0380,"Improper rigging angle caused the sling to slip off the drum, resulting in a free fall of 3 meters onto empty soil; PTW was valid but inspection was rushed.",near_miss,Naharkatiya,Vehicle Movement,driving,2026-01-15,l3_synthetic,1,1
L3-0381,"Contractor broke isolation on accumulator without verifying zero energy, H2S jet hit face shield but no laceration due to PPE. SIF activated but physical barrier absent initially.",psif,Duliajan,LOTO/Energy Isolation,energy_isolation,2025-05-24,l3_synthetic,1,1
L3-0382,"Residual pressure in 150m pipeline released upon valve opening during LOTO bypass. Worker stood downwind, high velocity spray izzu but no contact. Pressure gauge was faulty.",psif,Digboi,LOTO/Energy Isolation,energy_isolation,2026-07-10,l3_synthetic,1,1
L3-0383,"Accumulator pre-charge bleed failed, device kicked out when removed from skid. 200psi release, worker in 3m radius, no injury due to distance. No PTW for pressure relief.",psif,Naharkatiya,LOTO/Energy Isolation,energy_isolation,2025-06-13,l3_synthetic,1,0
L3-0384,"Spring energy in control valve actuator released unexpectedly during maintenance. Flange cover flew 5m, missed operator's head by inches. No PTW, unisolated equipment.",psif,Moran,LOTO/Energy Isolation,energy_isolation,2025-07-25,l3_synthetic,1,0
L3-0385,"Unisolated steam line discharged superheated vapor when connection loosened. Worker exposed to 350C jet, no burns due to quick retreat and leathers. Near miss on face.",psif,Lumding Terminal,LOTO/Energy Isolation,energy_isolation,2026-03-07,l3_synthetic,1,0
L3-0386,"Pipeline pig trap opened with residual hydraulic pressure. Hydraulic fluid jet at high pressure, worker stood directly in line. No injection injury as skin intact, but potential for amputation if plate severed.",psif,Guwahati Depot,Working at Height,height,2025-08-25,l3_synthetic,1,1
L3-0387,"Expander compressor unisolated, rotating assembly spun down slowly but stored rotational energy remained. Tool contact caused kickback, tool struck shoulder area narrowly avoided. No mechanical guard removed.",psif,Rangia,Working at Height,height,2025-05-04,l3_synthetic,1,1
L3-0388,"Gas spring in manway cover released upon disengagement. High velocity upward force, cover bounced 2m, worker below missed by 1 foot. No isolation verification done.",psif,Jorhat Bypass Road,Working at Height,height,2025-08-09,l3_synthetic,1,1
L3-0389,"High pressure nitrogen bleed line unisolated, valve stuck in open. On removal of filter, 400bar jet impinged on gloves. No puncture, but potential for tissue damage was extreme. No PTW.",psif,Duliajan,Working at Height,height,2026-01-16,l3_synthetic,1,0
L3-0390,"Cracked flange gasket under 200bar hydrostatic test pressure. Sudden leak created sonic boom and water hammer force. Worker in arc of projection, no injury but potential for eardrum rupture or blast trauma was real.",psif,Digboi,Working at Height,height,2026-04-24,l3_synthetic,1,1
L3-0391,"Contractor welding on 6-inch carbon steel line at Duliajan gas plant during afternoon shift, gas detector failed to alarm near open hydrocarbon leak, worker suffered level 3 burn to face and neck, transported casualty to GHSP for treatment.",asif,Duliajan,Hot Work,hot_work,2026-09-17,l3_synthetic,1,1
L3-0392,"Employee grinding flange on inactive tank d-101 at Digboi, secondary containment breach released flammable vapors, no hot work permit valid, explosion potential high but no ignition source present, near miss recorded after supervisor intervened.",asif,Digboi,Hot Work,hot_work,2026-06-05,l3_synthetic,1,1
L3-0393,"Fire during oxy-fuel cutting of pipe spur at Naharkatiya well pad, wind shift blew flame towards adjacent skid, PPE protected worker but handguard shattered, severe laceration to thumb requiring hospital admission, hand function compromised.",asif,Naharkatiya,Hot Work,hot_work,2025-07-14,l3_synthetic,1,0
L3-0394,"Hot work on top of crude storage tank at Moran tank farm, LOTO tag removed unauthorized, residual pressure caused jet fire near welder, no casualties but high energy release threatened life, PSIF classification due to lack of water curtain activation.",asif,Moran,Vessel/Tank Entry,confined_space,2026-02-10,l3_synthetic,1,0
L3-0395,"Sparks from angle grinder landed on oily rag near pump seal at Lumding Terminal, immediate flash fire engulfed area, worker donned AFR breathing apparatus and escaped with smoke inhalation, required oxygen therapy for 24 hours, recordable injury.",asif,Lumding Terminal,Vessel/Tank Entry,confined_space,2026-03-26,l3_synthetic,1,0
L3-0396,"During maintenance of vapor recovery unit at Guwahati Depot, confined space entry without proper gas monitoring, sudden release of H2S caused two workers to collapse, rescue team extracted them but one succumbed to asphyxiation despite CPR, fatal incident.",asif,Guwahati Depot,Vessel/Tank Entry,confined_space,2025-04-10,l3_synthetic,1,1
L3-0397,"Welding on underground pipeline excavation at Rangia field, shoring collapsed due to heavy machinery vibration, worker pinned under steel casing, hip fracture sustained, evacuated by air ambulance, serious injury confirmed.",asif,Rangia,Line Break,line_break,2025-06-04,l3_synthetic,1,1
L3-0398,"Grinding operation on structural steel near high pressure header at Jorhat Bypass Road compressor station, gas ball valve failed while open, uncontrolled release created flammable cloud, workers evacuated before ignition, no injuries, near miss with high consequence potential.",asif,Jorhat Bypass Road,Line Break,line_break,2026-08-02,l3_synthetic,1,1
L3-0399,"Hot work permit expired before completion of weld on steam line at Duliajan, contractor continued operation, steam blowout occurred striking supervisor, second degree burns to upper body, admitted to district hospital, recordable case.",asif,Duliajan,Line Break,line_break,2026-01-10,l3_synthetic,1,1
L3-0400,"Cutting of old pipeline segment at Digboi, residual crude ignited causing flash fire, worker trapped in trench, sustained thermal burns to 60% body surface area, death occurred at scene despite emergency response, major fatality.",asif,Digboi,Lifting/Suspended Load,dropped_object,2026-05-21,l3_synthetic,1,0
L3-0401,"Welding spark near 6 inch line caused rapid H2S bleed into pit. Wind shifted suddenly, detector alarm tripped before concentration reached LEL. No one inhaled due to immediate evacuation order.",near_miss,Duliajan,Hot Work,hot_work,2025-06-12,l3_synthetic,1,1
L3-0402,"Grinding off old coupling on storage tank nozzle created heavy dust. Sudden wind gust blew debris into filter housing, causing clog. No fire or ignition occurred.",near_miss,Digboi,Hot Work,hot_work,2026-05-09,l3_synthetic,1,1
L3-0403,"During cutting of support bracket under platform, hot slag fell into open manway. Smoke filled space briefly. Worker gasp but exited air-free environment without using SCBA. Confined space entry stopped.",near_miss,Naharkatiya,Vessel/Tank Entry,confined_space,2025-06-04,l3_synthetic,1,0
L3-0404,"Plasma cutter ignited vapor pocket near maintenance hatch. Flash fire visible for 2 seconds only. Extinguisher applied immediately. No burns reported, but potential for severe flash burn was high.",near_miss,Moran,Vessel/Tank Entry,confined_space,2025-11-02,l3_synthetic,1,0
L3-0405,"Welding on empty pipeline section released trapped hydrocarbons. Strong odor detected 50m away. Work stopped, area gas tested negative after ventilation. No ignition source active at time of release.",near_miss,Lumding Terminal,Vessel/Tank Entry,confined_space,2025-06-26,l3_synthetic,1,0
L3-0406,"Cutting wheel broke during operation, fragment flew towards worker's face. Hard hat visor deflected shard. Worker flinched back, no contact with skin. Tool locked out immediately.",near_miss,Guwahati Depot,Vessel/Tank Entry,confined_space,2025-04-24,l3_synthetic,1,1
L3-0407,Grinding near diesel tank dike produced continuous sparks. Nearby flammable liquid spill not cleaned up. Fire watch noticed glowing char on rag but no flame propagation. Risk assessed as high potential.,near_miss,Rangia,Vessel/Tank Entry,confined_space,2025-07-13,l3_synthetic,1,1
L3-0408,"Hot work permit expired while arc welding continued. Contractor unaware of time lapse. Supervisor noticed and halted job. No injury, but violation of PTW procedure noted.",near_miss,Jorhat Bypass Road,Vessel/Tank Entry,confined_space,2025-06-23,l3_synthetic,1,1
L3-0409,"Angle grinder sparked near propane cylinder stored improperly. Cylinder valve open during work. Worker noticed leak sound, closed valve and moved cylinder. No ignition, but close proximity to open flame risk identified.",near_miss,Duliajan,Vessel/Tank Entry,confined_space,2026-04-13,l3_synthetic,1,0
L3-0410,"Torch cutting on corroded pipe section caused unexpected rupture. High pressure gas jet visible. Valve isolated within 10 seconds. No personnel in direct path, but forceful release indicated potential for jet fire.",near_miss,Digboi,Vessel/Tank Entry,confined_space,2025-05-24,l3_synthetic,1,0
L3-0411,"Worker slipped on slick mud while prying open a flange on the 4-inch letdown line during rain. He fell and twisted his ankle, requiring splinting and transport to nearest clinic.",recordable,Digboi,Line Break,line_break,2025-06-19,l3_synthetic,1,1
L3-0412,"Contractor used oversized spanner on tight blind bolt, causing it to snap. Worker received a laceration on hand from flying bolt head, treated at site HMO.",recordable,Duliajan,Line Break,line_break,2025-12-31,l3_synthetic,1,0
L3-0413,"H2S alarm triggered when gasket failed on inspection side during blind removal. Worker inhaled low level H2S, felt giddiness, given oxygen and case medically recorded.",recordable,Naharkatiya,Line Break,line_break,2026-01-12,l3_synthetic,1,1
L3-0414,"While unbolting a flange on stale line, last two bolts released suddenly. Worker pushed back by jet stream, minor bruising on chest, first aid upgraded to recordable.",recordable,Moran,Line Break,line_break,2025-12-13,l3_synthetic,1,0
L3-0415,"Valve packed with wax, lever broken off during isolation. Contractor struck on head by falling lever, minor scalp abrasion, stitched at site.",recordable,Lumding Terminal,Line Break,line_break,2025-04-07,l3_synthetic,1,1
L3-0416,"Unplanned weeping from flange O-ring caused worker to lose footing on ladder. Fall from 4ft height resulted in wrist strain, X-ray done, no fracture.",recordable,Guwahati Depot,Line Break,line_break,2025-05-14,l3_synthetic,1,0
L3-0417,"Blind tightened against active line due to PTW error. High velocity water jet cut through glove, deep gash on forearm, sutures at district hospital.",recordable,Rangia,Line Break,line_break,2026-01-21,l3_synthetic,1,1
L3-0418,"Worker walked into pressurised spray of condensate when upstream valve failed to close. Scalding on face and chest, treated for second degree burn, case recordable.",recordable,Jorhat Bypass Road,Line Break,line_break,2025-12-15,l3_synthetic,1,0
L3-0419,"Spectator outside exclusion zone caught in backflow of gas from open flange. Dizziness reported, sent for observation, no fracture but absconced work for 2 days.",recordable,Duliajan,Line Break,line_break,2025-06-29,l3_synthetic,1,0
L3-0420,"Heavy wrench landed on foot of employee blowing out line. Bruised metatarsals, pain restricting movement, medically examined and restricted from duty.",recordable,Digboi,Line Break,line_break,2026-07-05,l3_synthetic,1,0
L3-0421,"PTW issued for valve maintenance but upstream pressure not bled off. Erection crew failed LOTO check, pipeline residual pressure released causing Ghee to suffer laceration to forearm. First aid applied on site, later transferred to hospital for stitching. Contractor worker from Digboi shift.",recordable,Digboi,LOTO/Energy Isolation,energy_isolation,2025-12-04,l3_synthetic,1,1
L3-0422,"While replacing motor coupling, Fitter noticed spring energy stored in actuator. No LOTO tag applied, actuator snapped releasing force. Employee struck in shoulder, X-ray confirmed minor fracture. Treatment received at local clinic. Duliajan refinery maintenance team.",recordable,Duliajan,LOTO/Energy Isolation,energy_isolation,2026-01-25,l3_synthetic,1,0
L3-0423,"Scaffolding removal in progress, hoist brake released accidentally. Stored potential energy in winch cable snapped. Worker caught hand in roller guard, crushed fingers. Medical aid given immediately. Heavy rain during operation at Moran pumping station.",recordable,Moran,LOTO/Energy Isolation,energy_isolation,2025-12-18,l3_synthetic,1,0
L3-0424,"Gas line isolation for welding, blind flange removed without confirming upstream valve closed. Residual H2S gas released causing respiratory distress. Worker admitted for oxygen therapy and observation. Employee from Guwahati Depot warehouse team.",recordable,Guwahati Depot,LOTO/Energy Isolation,energy_isolation,2025-10-14,l3_synthetic,1,0
L3-0425,"During pressure test preparation, isolation valve not fully closed. Residual pressure in header line caused fitting to pop out. Contractor worker hit in thigh by flying debris. Wound required suturing and antibiotic. Night shift at Naharkatiya field.",recordable,Naharkatiya,LOTO/Energy Isolation,energy_isolation,2025-10-30,l3_synthetic,1,0
L3-0426,"Pneumatic system maintenance, air supply not isolated. Accumulated pressure in air header released suddenly. Tool kicked back, striking operator in chest. Bruising and rib strain diagnosed. Employee from Rangia processing unit.",recordable,Rangia,LOTO/Energy Isolation,energy_isolation,2026-07-02,l3_synthetic,1,0
L3-0427,"Tank cleaning operation, static discharge generated during entry. Residual vapour explosion potential isolated but minor shock injury to hand. Medical treatment provided for nerve damage. Contractor from Lumding Terminal storage area.",recordable,Lumding Terminal,LOTO/Energy Isolation,energy_isolation,2026-05-04,l3_synthetic,1,1
L3-0428,"Elevator machine maintenance, counterweight brake released. Stored kinetic energy in system not dissipated. Worker hand trapped between guide rails, severe abrasion. Hospital visit required for wound cleaning. Jorhat Bypass Road loading bay.",recordable,Jorhat Bypass Road,LOTO/Energy Isolation,energy_isolation,2026-04-21,l3_synthetic,1,0
L3-0429,"High pressure hose replacement, fluid spray from unisolated fitting. Hydraulic oil jet caused laceration to palm. First aid failed to stop bleeding, emergency transport to hospital. Employee from Digboi production wing.",recordable,Digboi,LOTO/Energy Isolation,energy_isolation,2026-01-29,l3_synthetic,1,1
L3-0430,"Valve stem repair, downstream pressure not vented. Residual energy in pipe section forced plug out. Worker face scratched by metal fragments, eye injury suspected. Ophthalmologist consult arranged. Contractor from Duliajan gas plant.",recordable,Duliajan,LOTO/Energy Isolation,energy_isolation,2025-08-26,l3_synthetic,1,1
L3-0431,"During PTW verification at Digboi, contractor found blind flange loose on 6 inch line. Slight H2S whiff detected, no exposure as area was evacuated immediately. No injury, potential for significant release.",near_miss,Digboi,Line Break,line_break,2026-04-19,l3_synthetic,1,1
L3-0432,"While isolating pump at Naharkatiya, gasket blew out on flange connection. Steam jet sprayed nearby, but worker was wearing full PPE and stepped back. No skin burn or injury reported, pure near miss.",near_miss,Naharkatiya,Line Break,line_break,2026-02-15,l3_synthetic,1,0
L3-0433,"Morning shift at Lumding Terminal, valve stem sheared off during maintenance. High pressure gas hissed but no one was standing in the direct path due to proper barricading. No casualties, event recorded as near miss.",near_miss,Lumding Terminal,Line Break,line_break,2026-07-19,l3_synthetic,1,1
L3-0434,"Contractor torqueing bolt at Moran found thread damage, line leaked slightly. Immediate LOTO applied, area secured. No one in line of fire, no injury sustained, classified as near miss.",near_miss,Moran,Line Break,line_break,2025-07-25,l3_synthetic,1,0
L3-0435,"In rainy conditions at Rangia, blind blind fell during removal from 2 inch line. Dropped on pipe rack, no personnel underneath. Good visibility despite rain, no injury, near miss only.",near_miss,Rangia,Line Break,line_break,2025-08-01,l3_synthetic,1,1
L3-0436,"Employee double-checking isolation at Duliajan heard pop from gasket. Small leak, no fire. Worker used detector, confirmed low levels. No exposure, no injury, near miss situation.",near_miss,Duliajan,Line Break,line_break,2025-10-19,l3_synthetic,1,1
L3-0437,"During night shift at Guwahati Depot, flange connection wept during pressure test. H2S alarm went off briefly. Response team arrived, secured area. No one injured, potential event logged as near miss.",near_miss,Guwahati Depot,Line Break,line_break,2025-06-02,l3_synthetic,1,1
L3-0438,"Contractor removing spool piece at Jorhat Bypass Road line. Bolt snapped, small leak occurred. Worker was holding tool, not in direct spray path. No injury, near miss due to proximity.",near_miss,Jorhat Bypass Road,Line Break,line_break,2025-07-24,l3_synthetic,1,0
L3-0439,"At Digboi, blind stayed in but line depressurized unexpectedly. Hissing sound audible, but no flash fire. PPE was intact. No burn or injury, recorded as near miss.",near_miss,Digboi,Line Break,line_break,2026-07-21,l3_synthetic,1,1
L3-0440,"Morning inspection at Naharkatiya found loose pinch bolt on blind. Gentle leak of hydrocarbon. Area was empty during detection. No injury, potential release prevented, near miss.",near_miss,Naharkatiya,Line Break,line_break,2026-02-23,l3_synthetic,1,1
L3-0441,"While lifting 200kg pipe bundle at Duliajan, tag line snapped due to weak knot causing load swing. Operator's hand crushed between sling and pipe edge, required stitching at on-site clinic.",recordable,Duliajan,Rigging/Lifting,lifting,2025-07-19,l3_synthetic,1,1
L3-0442,"Contractor rigger at Digboi dropped a 50kg shackle from 3m height during crane load. Shackle struck worker's shin bone, X-ray confirmed hairline fracture, referred to hospital.",recordable,Digboi,Rigging/Lifting,lifting,2025-08-20,l3_synthetic,1,0
L3-0443,"At Naharkatiya, crane hook trolley shifted unexpectedly while hoisting tank nozzles. Worker's forearm latched onto falling nozzle edge, deep laceration occurred requiring surgical debridement.",recordable,Naharkatiya,Rigging/Lifting,lifting,2026-09-02,l3_synthetic,1,0
L3-0444,"During night shift at Moran, load of valves dropped from 2m height due to slipped eyebolt. Debris struck worker's torso and ribs, treating for multiple bruised ribs and soft tissue injury.",recordable,Moran,Rigging/Lifting,lifting,2025-08-29,l3_synthetic,1,1
L3-0445,"Lumding Terminal crane operator failed to secure load properly. While lowering, steel cable parted and whip back hit rigger's face, causing laceration to left cheek requiring 5 sutures.",recordable,Lumding Terminal,Rigging/Lifting,lifting,2025-05-22,l3_synthetic,1,0
L3-0446,"Guwahati Depot forklift operator reversed too fast, tipping a heavy drum stack onto a standing supervisor's leg. Significant swelling and abrasions treated, no fracture but hospital observation for 24hrs.",recordable,Guwahati Depot,Vehicle Movement,driving,2026-09-16,l3_synthetic,1,0
L3-0447,"Rangia site witnessed a sudden gust during lifting operation causing load to drift. Worker standing below slipped and fell, resulting in dislocated shoulder and multiple cuts on forearms.",recordable,Rangia,Vehicle Movement,driving,2025-09-27,l3_synthetic,1,1
L3-0448,"At Jorhat Bypass Road, mobile crane outrigger sunk into soft ground during lift operation. Load shifted abruptly, crushing operator's heel against cab frame, severe contusion and toe injury treated.",recordable,Jorhat Bypass Road,Vehicle Movement,driving,2025-11-21,l3_synthetic,1,1
L3-0449,"Duliajan night shift saw a hoist brake failure mid-air. Load swung into a support structure, ricocheting a metal sheet that cut through PPE, creating deep gash on thigh requiring 12 stitches.",recordable,Duliajan,Vehicle Movement,driving,2025-08-19,l3_synthetic,1,1
L3-0450,"Digboi contractor using improper lifting geometry caused sling to snap. Falling 100kg equipment struck worker's arm, causing complex laceration and tendon damage, underwent minor surgery.",recordable,Digboi,Vehicle Movement,driving,2025-07-20,l3_synthetic,1,0
L3-0451,"Wire rope part-load snapped during night shift at wellsite, load swung directly over rigger standing below without tag line tension, PTW active but no exclusion zone marked, cleared feet before impact.",psif,Duliajan,Rigging/Lifting,lifting,2026-02-09,l3_synthetic,1,0
L3-0452,"Shackle pin ejected under high tension while hoisting pump section, pin struck shoulder of spotter, minor abrasion only but energy release sufficient for amputation if hand had been in path.",psif,Digboi,Rigging/Lifting,lifting,2025-05-11,l3_synthetic,1,1
L3-0453,"Crane slewed unexpectedly due to control fault, hook load passed inches from worker climbing derrick ladder, worker held fast but load path intersected body, no injury recorded.",psif,Naharkatiya,Rigging/Lifting,lifting,2026-02-10,l3_synthetic,1,1
L3-0454,"Lifting sling snagged on pipe rack corner causing violent jerk, pipe bundle tipped towards gas compartment, worker dodged at last second, H2S alarm not yet triggered but potential fatigue release high.",psif,Moran,Rigging/Lifting,lifting,2025-12-17,l3_synthetic,1,1
L3-0455,"Tag line failed on wind gust during pipe handling, 5ft pipe landed on crane operator cab roof, glass cracked but operator unhurt, high energy impact noted.",psif,Lumding Terminal,Rigging/Lifting,lifting,2025-07-03,l3_synthetic,1,0
L3-0456,"Hoist chain kinked and slipped from hook mid-lift, heavy valve body dropped on operator toe, minimal bruising but drop height and mass posed lethal crush risk.",psif,Guwahati Depot,Vehicle Movement,driving,2025-05-13,l3_synthetic,1,1
L3-0457,"Load shifted during travel on uneven terrain, spool line dropped onto walking rigging crew, three workers jumped clear, one caught boot tip, potential severe crush injury averted.",psif,Rangia,Vehicle Movement,driving,2026-08-24,l3_synthetic,1,1
L3-0458,"Swing hook disengaged from sling during boom retraction, hook struck head of signalman working below, helmet absorbed impact but skull fracture potential high, worker shaken but refusal for treatment.",psif,Jorhat Bypass Road,Vehicle Movement,driving,2025-08-20,l3_synthetic,1,1
L3-0459,"Overhead crossing lifted too high near power line, arc flash risk imminent, load stopped just before contact, worker on ground platform exposed, no electric shock recorded.",psif,Duliajan,Vehicle Movement,driving,2025-10-13,l3_synthetic,1,1
L3-0460,"Slings not properly rigged for irregular tank shell, load tilted 30 degrees, shell slid and pinned worker between tank and winch base, worker released themselves, no fracture but entrapment near death.",psif,Digboi,Vehicle Movement,driving,2025-08-04,l3_synthetic,1,0
L3-0461,"During PTW verification, main blind valve position not confirmed before opening flange. Slight H2S leak detected by portable detector, area secured immediately no one in zone. Shift A",near_miss,Duliajan,Line Break,line_break,2026-04-06,l3_synthetic,1,1
L3-0462,"Contractor team removing spade from 2-inch line near Digboi pump array. Gasket failure on re-assembly, minor hydrocarbon mist released. Bystander stepped back, no contact with fluid. Day shift clear sky",near_miss,Digboi,Line Break,line_break,2025-06-01,l3_synthetic,1,1
L3-0463,"Opening of 4-inch feed line at Naharkatiya battery limits. Frangible gasket sheared, high pressure spray directed away from control room. Alarm triggered, LOTO applied. No personnel in immediate spray path",near_miss,Naharkatiya,Line Break,line_break,2026-05-15,l3_synthetic,1,1
L3-0464,"Night shift routine inspection at Moran separator area. Loose packing on bleed valve caused jet stream for seconds. Operator retreated safely, TBT documented. No exposure. Rainy weather",near_miss,Moran,Line Break,line_break,2026-08-26,l3_synthetic,1,1
L3-0465,"Lumding Terminal truck bay loading arm uncoupling. Seal ring ejected, fuel splash on apron but not on personnel. Driver remained inside cab, HSE officer verified zero contact. Near miss recorded",near_miss,Lumding Terminal,Line Break,line_break,2025-08-15,l3_synthetic,1,0
L3-0466,"Guwahati Depot maintenance crew unblinding 6-inch UOP line. Blind flew off due to forgotten bolt torque check. Discharge hit adjacent wall, no worker close enough to be struck. Alarm sounded, area isolated",near_miss,Guwahati Depot,Line Break,line_break,2026-08-26,l3_synthetic,1,1
L3-0467,"Rangia refinery inlet valve operation. Gasket blowout created sonic boom and vapor cloud. Crowd evacuation drill initiated, no injuries reported. Wind direction favorable, plume dispersed quickly. Daytime",near_miss,Rangia,Lifting/Suspended Load,dropped_object,2026-06-29,l3_synthetic,1,1
L3-0468,Jorhat Bypass Road pipeline integrity check. Flange joint weeping escalated to minor jet during pressure test. Contractor isolated section within 30 sec. No one in line of fire. Clear weather,near_miss,Jorhat Bypass Road,Lifting/Suspended Load,dropped_object,2025-07-11,l3_synthetic,1,0
L3-0469,"Duliajan flare header maintenance. Spark from welding tool near open flange, caught wisp of gas. Fire detected by IR flame detector, auto-sprinkler activated. Worker safe distance, no alarm on body. Night shift",near_miss,Duliajan,Lifting/Suspended Load,dropped_object,2026-05-07,l3_synthetic,1,0
L3-0470,"Naharkatiya dehydration unit. Pressure equalization line spade removal caused misting. Guardrail missing on platform, but worker stood behind barrier. No fall, no splash contact. Recorded as near miss",near_miss,Naharkatiya,Lifting/Suspended Load,dropped_object,2025-06-07,l3_synthetic,1,1
L3-0471,"20 ton crane lifting H2S detector box 15 meters, sling snapped minor during rotation but load swing controlled, no personnel under basket. Near miss logged, PTW suspended for rigging re-check.",near_miss,Duliajan,Lifting/Suspended Load,dropped_object,2026-03-20,l3_synthetic,1,0
L3-0472,"Scaffold plank displaced by heavy wind gust at 6 AM, 300mm gap left open. Worker below not impacted but zone not barricaded properly. Immediate stop work issued.",near_miss,Digboi,Lifting/Suspended Load,dropped_object,2026-08-02,l3_synthetic,1,0
L3-0473,"Torque wrench dropped from 4th platform level onto concrete deck. Tool bounced but no one nearby. LOTO not in effect for maintenance, potential crush hazard if floor below active.",near_miss,Naharkatiya,Lifting/Suspended Load,dropped_object,2025-12-30,l3_synthetic,1,0
L3-0474,"Boom of mobile crane grazed isolation barrier while positioning, barrier collapsed onto empty access road. No injuries, but clearance study was inadequate. Contractor crew re-briefed.",near_miss,Moran,Lifting/Suspended Load,dropped_object,2025-08-30,l3_synthetic,1,0
L3-0475,"Chain hoist over-rotated and cable frayed 10% visible, automatic safety brake engaged. Lift stopped immediately. No load release but near miss flagged for equipment inspection.",near_miss,Lumding Terminal,Lifting/Suspended Load,dropped_object,2025-10-22,l3_synthetic,1,0
L3-0476,"Pipe support lifted without tag-out, valve wheel spun unexpectedly. Water spray near operator feet but no slip. SIF not engaged, procedure deviation noted.",near_miss,Guwahati Depot,Lifting/Suspended Load,dropped_object,2026-02-18,l3_synthetic,1,0
L3-0477,"Ladder jackier slipped from anchor point while extending basket, harness caught the fall but impact was zero. Anchor point loose, site stopped. TBT training gap identified.",near_miss,Rangia,Lifting/Suspended Load,dropped_object,2025-06-14,l3_synthetic,1,0
L3-0478,"High pressure hose lift from JCB bucket shifted, 5m swing towards valve manifold. Operator cleared area last second. No contact, but shielding absent. Near miss recorded.",near_miss,Jorhat Bypass Road,Lifting/Suspended Load,dropped_object,2025-10-23,l3_synthetic,1,0
L3-0479,"Scaffold steel base plate slid on wet surface during assembly, causing 20cm drop of upper frame. No fall of workers. Weather condition ignored in risk assessment.",near_miss,Duliajan,Permit to Work,ptw_violation,2025-10-12,l3_synthetic,1,1
L3-0480,"Hand tool bag dropped from platform edge by contractor, bounced off steel beam and fell 10m. No personnel below but exclusion zone not maintained. PTW violation cited.",near_miss,Digboi,Permit to Work,ptw_violation,2025-08-30,l3_synthetic,1,1
L3-0481,"Tata truck backing up on Digboi lease road near 2200hr, driver not spotting pedestrian crossing road, stopped just after. No PTW valid for night movement in that zone, near miss.",near_miss,Digboi,Vehicle Movement,driving,2025-12-12,l3_synthetic,1,0
L3-0482,"Mastiff vehicle speeding on Lumding Terminal approach, hit patch of mud and skidded towards fire truck bay. Brake applied late, no collision, fatigue suspected driver was on 4th shift.",near_miss,Lumding Terminal,Vehicle Movement,driving,2025-07-18,l3_synthetic,1,1
L3-0483,"Bull on Duliajan-Jorhat link road at dawn, jeep swerved hard to avoid, tire hit shallow ditch. No injury, speed was 60kmph though limit is 40, animal removed by local constable.",near_miss,Duliajan,Vehicle Movement,driving,2026-01-07,l3_synthetic,1,0
L3-0484,"Bulldozer reversing near Naharkatiya fence line, operator vision blocked by tree, nearly struck cycle track. Worker walking there shouted, dozer stopped. Spotter not assigned as per plan.",near_miss,Naharkatiya,Vehicle Movement,driving,2026-07-01,l3_synthetic,1,1
L3-0485,"Contractor 6-wheeler on Guwahati Depot perimeter road, driver dozing off, vehicle drifted onto sidewalk. Braked hard, no one there. AC unit not working, fatigue clear warning sign ignored.",near_miss,Guwahati Depot,Vehicle Movement,driving,2025-05-29,l3_synthetic,1,0
L3-0486,"Heavy crate truck reversing at Rangia gate, alarm not audiable due to generator noise. Forklift operator stopped inches from reversing truck. LOTO not checked, PTW expired by 10 min.",near_miss,Rangia,Vehicle Movement,driving,2026-09-03,l3_synthetic,1,1
L3-0487,"Jeep on Moran lease road, hit pothole at high speed, jumped up and hit low hanging branch. Glass cracked but no breakage, driver uninjured. Rain slicked surface contributed.",near_miss,Moran,Vehicle Movement,driving,2026-07-31,l3_synthetic,1,1
L3-0488,"Cow herd on Jorhat Bypass Road, company van tried to overtake, sudden brake led to near skid. Passenger grabbed armrest, no injury. Driver admitted speeding to avoid traffic.",near_miss,Jorhat Bypass Road,Vehicle Movement,driving,2025-09-29,l3_synthetic,1,0
L3-0489,"Agri-pump vehicle reversing on Digboi internal road, rear view mirror obstructed by rain. Hit curb, no person in path. Driver fresh on duty but visibility poor due to monsoon.",near_miss,Digboi,Vehicle Movement,driving,2026-02-05,l3_synthetic,1,1
L3-0490,"Truck movement on Duliajan night shift, speed limiter bypassed by previous driver. Current driver found trip log discrepancy, stopped vehicle. No contact with personnel, potential high-energy impact if continued.",near_miss,Duliajan,Vehicle Movement,driving,2026-07-14,l3_synthetic,1,0
L3-0491,"Operator reversing K6 truck on lease road near Duliajan, low visibility due to mist, pedestrian was 2 meters away but jumped aside. PTW valid but spotter was not in position, near miss recorded.",near_miss,Duliajan,Vehicle Movement,driving,2026-08-12,l3_synthetic,1,1
L3-0492,"Contractor 4x4 speeding past Digboi site gate, tire blew out causing vehicle to swerve towards water separator. No contact with assets or personnel, immediate stop and control restored.",near_miss,Digboi,Vehicle Movement,driving,2026-08-22,l3_synthetic,1,1
L3-0493,"Heavy truck turning on narrow road at Naharkatiya, rear mirror clipped by passing SUV. Driver stopped immediately, no injury to either party, HSE notified.",near_miss,Naharkatiya,Vehicle Movement,driving,2026-01-12,l3_synthetic,1,0
L3-0494,"Locomotive shunting near Moran station, cow wandered onto track. Brakes applied causing drastic stop, steam leak noted but no personnel in path of train. Near miss with potential for derailment if collision occurred.",near_miss,Moran,Vehicle Movement,driving,2026-03-02,l3_synthetic,1,0
L3-0495,"Manhole cover opened at Lumding Terminal during shift change, maintenance vehicle almost ran over utility worker. Worker stepped back just in time, no injury but high potential for crush injury noted.",near_miss,Lumding Terminal,LOTO/Energy Isolation,energy_isolation,2026-09-02,l3_synthetic,1,1
L3-0496,"Fuel tanker unloading at Guwahati Depot, fire extinguisher cart fell from hitch. Rolled 10 feet towards driver who was stepping out of cab. Driver jumped back, no injury, cart damaged.",near_miss,Guwahati Depot,LOTO/Energy Isolation,energy_isolation,2026-04-19,l3_synthetic,1,1
L3-0497,"Tractor-trailer lifting load at Rangia terminal, cable snapped due to fatigue. Load suspended 20 feet up before safety brake engaged. No personnel in danger zone, but high energy release potential if brake failed.",near_miss,Rangia,LOTO/Energy Isolation,energy_isolation,2026-01-21,l3_synthetic,1,0
L3-0498,"Bicycle on Jorhat Bypass Road at dusk, employee driving company jeep was distracted by phone. Screeched to stop 5 feet from cyclist. Cyclist unharmed but shaken, near miss recorded for distraction.",near_miss,Jorhat Bypass Road,LOTO/Energy Isolation,energy_isolation,2026-05-16,l3_synthetic,1,0
L3-0499,"Concrete mixer truck reversing on Digboi lease track, earth slumped and blocked path. Driver was forced to stop, no impact with pipeline right-of-way. No injury, site cleanup initiated.",near_miss,Digboi,LOTO/Energy Isolation,energy_isolation,2025-05-26,l3_synthetic,1,0
L3-0500,"Welding work near Duliajan pump station, neighbor's goat walked into fence and electrocuted. Dog chasing goat ran towards energized panel. Electrician disconnected power instantly, no human contact with energized parts. Near miss for electrocution.",near_miss,Duliajan,LOTO/Energy Isolation,energy_isolation,2026-05-28,l3_synthetic,1,0
L3-0501,Technician found 5 psi residual pressure in trap during tagging check after LOTO. No PTW violation but alarm raised immediately. Near miss logged.,near_miss,Duliajan,LOTO/Energy Isolation,energy_isolation,2026-02-11,l3_synthetic,1,1
L3-0502,"Contractor opened manhole on line without confirming isolate valve closed. Vapour cloud felt, H2S alarm not triggered. Immediate evacuation and re-verification done.",near_miss,Digboi,LOTO/Energy Isolation,energy_isolation,2025-06-03,l3_synthetic,1,0
L3-0503,"Spring loaded valve released unexpectedly while mechanic was replacing gasket. Hand grazed by moving stem, no PPE cut. Confirmed energy was not bled off.",near_miss,Naharkatiya,LOTO/Energy Isolation,energy_isolation,2026-01-03,l3_synthetic,1,1
L3-0504,"During maintenance of actuator, stored energy in piston caused sudden snap-back. Operator stepped aside in time. SIF triggered but no personal injury.",near_miss,Moran,LOTO/Energy Isolation,energy_isolation,2025-09-10,l3_synthetic,1,0
L3-0505,"Unisolated pump casing held pressure during de-bolting. Bolt shot out across bay. Worker near miss, shield was only barrier. PTW gap identified.",near_miss,Lumding Terminal,LOTO/Energy Isolation,energy_isolation,2026-04-04,l3_synthetic,1,0
L3-0506,Residual hydrocarbon mist escaped from drain valve after LOTO verification. Smell detected by nearby operator. Venting protocol missed during handover.,near_miss,Guwahati Depot,LOTO/Energy Isolation,energy_isolation,2026-05-28,l3_synthetic,1,1
L3-0507,Stored energy in compressed gas header discharged on opening blind. Deafening noise and pressure wave. No injury but safety stand-down called.,near_miss,Rangia,Working at Height,height,2026-04-08,l3_synthetic,1,1
L3-0508,Worker trapped between closing gate and vehicle due to unisolated hydraulic brake line. Vehicle jerked forward unexpectedly. TBT almost crushed foot.,near_miss,Jorhat Bypass Road,Working at Height,height,2025-11-08,l3_synthetic,1,0
L3-0509,"Pressure spike observed on gauge after removing blind flange without confirming zero pressure. Hissing sound heard, no injury. Error in isolation sequence.",near_miss,Duliajan,Working at Height,height,2026-06-04,l3_synthetic,1,0
L3-0510,Contractor accessed confined space with residual nitrogen atmosphere. Crawler alarm activated. Unplanned entry stopped before asphyxiation risk. LOTO not checked.,near_miss,Digboi,Working at Height,height,2026-08-27,l3_synthetic,1,0
L3-0511,"Contractor found snoring in pump house with open bottle of local brew, PTW active for hot work on adjacent compressor. Immediate unconsciousness risk if fire occurred during sleep, no LOTO observed on intake valve.",psif,Duliajan,Controlled Substances,substance,2025-11-07,l3_synthetic,1,0
L3-0512,"Operator reported smelling strong alcohol on night shift at gathering station. Subject approached live high-pressure manifold without face shield, potential for severe eye injury from chemical splashing.",psif,Digboi,Controlled Substances,substance,2025-09-03,l3_synthetic,1,0
L3-0513,"Driver of fuel tanker admitted to consuming sedatives before dawn patrol. Vehicle drift onto pedestrian walkway near loading arm, near-miss collision with active crew, no brake failure confirmed.",psif,Naharkatiya,Controlled Substances,substance,2025-08-12,l3_synthetic,1,1
L3-0514,"Shore crane operator observed disoriented and slurring words during load lift over open tank. Suspended load swung towards bund wall, potential crush hazard if operator lost grip and control entirely.",psif,Moran,Controlled Substances,substance,2026-03-03,l3_synthetic,1,1
L3-0515,"Maintenance technician found with uncapped chemical drum nearby, suspecting substance use due to nodding off at control panel. Potential exposure to H2S if alarm silence ignored due to impairment, confined space entry attempted without proper PPE.",psif,Lumding Terminal,Controlled Substances,substance,2026-07-07,l3_synthetic,1,1
L3-0516,"Employee reported dizziness before operating forklift in depot yard. Forklift tipped slightly while reversing near staircase, potential fall from height if equipment failed completely due to inattentiveness.",psif,Guwahati Depot,Hot Work,hot_work,2026-01-17,l3_synthetic,1,0
L3-0517,"Contractor refused breathalyzer at Rangia transfer station, citing personal reasons. Later found sleeping in electrical room with active SIF bypassed, high risk of electrocution or arc flash if equipment faulted during sleep.",psif,Rangia,Hot Work,hot_work,2026-06-10,l3_synthetic,1,1
L3-0518,"Driver of service vehicle lost control on wet bypass road at night. Skidded off tarmac onto embankment, potential rollover if driver had no seatbelt or airbag deployment failed due to prior impairment.",psif,Jorhat Bypass Road,Hot Work,hot_work,2025-11-18,l3_synthetic,1,0
L3-0519,"Welder in confined space reported smelling smoke, suspecting solvent fumes mixed with alcohol vapors. Potential explosion or flash fire if oxygen levels not monitored properly due to operator distraction.",psif,Duliajan,Hot Work,hot_work,2026-05-22,l3_synthetic,1,0
L3-0520,"Valve operator at Digboi refinery found with empty beer cans in locker, acting aggressively. Attempted forceful closure of steam valve without calling out, potential high-energy steam release causing severe burn injury to nearby colleague.",psif,Digboi,Hot Work,hot_work,2026-08-11,l3_synthetic,1,0
L3-0521,"Welder near storage tank line, spark noticed popping from tank shell before PTW cancelled immediately, no fire started.",near_miss,Digboi,Hot Work,hot_work,2025-10-02,l3_synthetic,1,1
L3-0522,"Grinding flange on isolation valve, debris flew into gauge cluster but H2S alarm not triggered, worker stepped back safe.",near_miss,Naharkatiya,Hot Work,hot_work,2025-07-11,l3_synthetic,1,0
L3-0523,"Contractor cutting pipe near manifold, gas detector exceeded limit during work, job halted and area ventilated.",near_miss,Moran,Hot Work,hot_work,2025-09-08,l3_synthetic,1,0
L3-0524,"Welding on empty drum inside office yard, wind blew smoke towards electrical panel, breaker tripped before contact.",near_miss,Lumding Terminal,Hot Work,hot_work,2026-07-14,l3_synthetic,1,0
L3-0525,"Hot work permit expired during valve repair, supervisor stopped crew before arc ignited nearby cable insulation.",near_miss,Guwahati Depot,Hot Work,hot_work,2025-04-22,l3_synthetic,1,0
L3-0526,"Plasma cutter tip touched live conductor near pump, arc flash scare but LOTO verified and no burn injury to operator.",near_miss,Rangia,Hot Work,hot_work,2025-10-08,l3_synthetic,1,1
L3-0527,"Disc grinder shattered at high RPM near pipeline, fragment embedded in protective gear, worker unharmed but PPE replaced.",near_miss,Jorhat Bypass Road,Hot Work,hot_work,2026-09-10,l3_synthetic,1,0
L3-0528,"Welding scaffold near flare line, hot slag fell onto rain-soaked ground causing steam burst, workers evacuated safely.",near_miss,Duliajan,Hot Work,hot_work,2025-07-19,l3_synthetic,1,1
L3-0529,"Oxy-fuel cutting on tank roof, pressure drop in branch line detected, work stopped to prevent air ingress and explosion.",near_miss,Digboi,Hot Work,hot_work,2025-05-09,l3_synthetic,1,0
L3-0530,"Drilling anchor bolts near hydrant, hammer strike hit hidden hydraulic line, spray hit face shield but no injury.",near_miss,Naharkatiya,Hot Work,hot_work,2026-06-06,l3_synthetic,1,1
L3-0531,"Crane hook swinging close to operator during load swing at 10 AM, cleared by spotter in time.",near_miss,Duliajan,Lifting/Suspended Load,dropped_object,2025-07-06,l3_synthetic,1,1
L3-0532,"Falling bolt from 12m scaffold near walkway, PTW valid but tie-off missed, no one below.",near_miss,Digboi,Lifting/Suspended Load,dropped_object,2025-09-17,l3_synthetic,1,0
L3-0533,"Suspension scaffold drifted off anchor point during high wind, corrected immediately by team.",near_miss,Naharkatiya,Lifting/Suspended Load,dropped_object,2025-06-09,l3_synthetic,1,1
L3-0534,"Lifting lug cracked during pre-lift inspection, load grounded, tooling replaced before start.",near_miss,Moran,Lifting/Suspended Load,dropped_object,2026-04-19,l3_synthetic,1,1
L3-0535,"Worker used rope as part of lift sling, inspected and found flaw, removed from service.",near_miss,Lumding Terminal,Lifting/Suspended Load,dropped_object,2025-07-04,l3_synthetic,1,1
L3-0536,"Overhead cable interference during boom rotation, lift paused, re-rigged with clearance check.",near_miss,Guwahati Depot,Lifting/Suspended Load,dropped_object,2026-03-26,l3_synthetic,1,0
L3-0537,"TBT line snagged on untagged valve, load suspended 3 seconds, no damage or injury.",near_miss,Rangia,Lifting/Suspended Load,dropped_object,2025-04-06,l3_synthetic,1,0
L3-0538,"Contractor placed loose hand tool on elevated platform edge, swept off by wind, caught by barrier.",near_miss,Jorhat Bypass Road,Lifting/Suspended Load,dropped_object,2025-12-20,l3_synthetic,1,1
L3-0539,"Crane outrigger on soft soil sunk slightly, lift aborted, mats laid and re-checked.",near_miss,Duliajan,Lifting/Suspended Load,dropped_object,2025-05-15,l3_synthetic,1,0
L3-0540,"H2S alarm triggered during hot work near suspended tank, personnel evacuated, no exposure.",near_miss,Digboi,Lifting/Suspended Load,dropped_object,2025-06-03,l3_synthetic,1,1
L3-0541,"Contractor climbed 4.5m platform without harness while coating pipe, slipped and landed on lower tray, right ankle sprained severely, sent to field clinic, no PTW valid for height work.",recordable,Duliajan,Working at Height,height,2025-07-03,l3_synthetic,1,1
L3-0542,"Rooftop AC unit maintenance in progress, ladder rung broke under load, worker fell 2m onto gravel, cut on left palm requiring sutures, LOTO done but edge protection missing.",recordable,Digboi,Working at Height,height,2025-12-22,l3_synthetic,1,1
L3-0543,"Scaffold plank shifted during tightening, inspector stepped back, fell 3m, abrasions and bruised ribs, medically treated, shift change handover gap noted, wind high.",recordable,Naharkatiya,Working at Height,height,2025-10-27,l3_synthetic,1,0
L3-0544,"Employee on 6m ladder for valve inspection, lost grip on rung, fell to platform 1.2m below, dislocated shoulder, reduced in field hospital, no fall arrest gear worn.",recordable,Moran,Working at Height,height,2026-01-14,l3_synthetic,1,0
L3-0545,"Pump house roof work, rain started suddenly, worker slipped on wet metal, fell 3m, fractured wrist, emergency vehicle called, scaffold was not rated for wet conditions.",recordable,Lumding Terminal,Working at Height,height,2026-06-26,l3_synthetic,1,0
L3-0546,"During flare stack inspection, contractor climbed fixed ladder without safety cage, foot slipped, fell 5m, lacerations and contusions, treated at onsite clinic, HSE violation logged.",recordable,Guwahati Depot,Controlled Substances,substance,2025-12-11,l3_synthetic,1,0
L3-0547,"Working on 2m high railing for painting, lean-back caused loss of balance, worker dropped 1.5m, soft tissue injury to knee, required physiotherapy, no permit for confined/height overlap.",recordable,Rangia,Controlled Substances,substance,2025-06-18,l3_synthetic,1,1
L3-0548,"Ladder extended too high onto maintenance gantry, top rung slipped off edge, worker on 3rd rung fell 2m, fractured forearm, hospital transferred, ladder not secured at top.",recordable,Jorhat Bypass Road,Controlled Substances,substance,2026-01-16,l3_synthetic,1,1
L3-0549,"Night shift, low visibility, employee climbed portable ladder to check gauge, rain made rungs slippery, fell 2.5m, cut on shin and bruised thigh, first aid exceeded, medical visit.",recordable,Duliajan,Controlled Substances,substance,2025-06-04,l3_synthetic,1,0
L3-0550,"Scaffold tower unbalanced during assembly, worker on 2nd level stepped onto loose tie, fell 1.8m, abrasions and minor concussion, checked in clinic, no sign-off for stability check.",recordable,Digboi,Controlled Substances,substance,2025-08-30,l3_synthetic,1,1
